genre,description,year,ancestor
1-bit music,music genre,,bit music
2 tone,British popular music of the late 1970s and early 1980s,1979,ska
2-step garage,UK garage subgenre,1998,UK garage
20th-century classical music,art movement,1900,classical music
21st-century classical music,"art music, in the contemporary classical tradition, that has been produced since the year 2000",2000,classical music
3-step,music genre,2018,Afro house
4-beat,style of happy hardcore that emerged around 1993,1993,happy hardcore
60s pop/rock,music genre,,pop rock
77 punk,music genre,,punk rock
8-bit music,style of electronic music,,bit music
A&D,music genre,,electronic music
A-pop,music genre and scene,,popular music
AI-generated music,music produced via extensive use of generative AI,,musical work
Abakuá music,music genre,,music of Cuba
Abecedarian hymn,"hymn that begins with the letter A, and each verse or clause following begins with the next letter of the alphabet",,hymn
Abendmusik,concert of church music in Lübeck,1700,musical performance
Abhang,form of Hindu devotional poetry,,Hindustani classical music
Abidat Rma,Music genre in Morocco,,
Abkhazian folk music,music genre,,music of Georgia
Abwe,music genre,,
Achaemenid music,music of the Achaemenid Empire,,music of Iran
Achewiq,music genre,,Kabyle music
Acholi music,"traditional music of the Acholi people of Northern Uganda (and neighboring South Sudan), centered on communal dancing, call-and-response singing, and rich polyrhythmic drumming",,music of East Africa
Achomi music,music genre,,music of Iran
Adamma Dance,Adamma is an igbo traditional dance that glorifies the beauty of a young maiden,,dance music
Adjukru music,music genre,,music of West Africa
Advent song,seasonal Christian hymn intended for Advent,,Christian hymn
Aegean islands folk music,music genre,,Greek folk music
Afar music,music genre,,music of Northeast Africa
Afghan hip hop,music genre and scene,,music of Afghanistan
African blues,African music genre,,blues
African classical music,music genre,,music of Africa
African folk music,music genre,,traditional folk music
African gospel,genre of Gospel,1620,gospel music
African heavy metal,music genre and scene,,heavy metal music
African hip-hop,group of music genres of scenes,,hip-hop
African popular music,overview of popular music in Africa,,popular music
African reggae,music genre,1980,reggae
African trap music,South African hip hop genre and subgenre of trap music,,trap music
African-American music,broad term covering a diverse range of musical genres largely developed by African Americans and their culture,,music of the United States
Afrikaans folk music,music genre,,Afrikaans music
Afrikaans gqom,variant of gqom,2023,gqom
Afrikaans music,music developed by the Afrikaner ethnolinguistic group,,music of Southern Africa
Afro,music genre,,Afro-Cuban music
Afro fusion,South African dance genre and musical genre,1970,music of South Africa
Afro house,subgenre of house music,2005,house music
Afro tech,music genre,,Afro house
Afro trap,music genre,2015,trap music
Afro-Brazilian music,music genre,,music of Brazil
Afro-Caribbean music,music genre,,music of the Caribbean
Afro-Colombian music,music genre,,music of Colombia
Afro-Cuban jazz,music genre,1948,Latin jazz
Afro-Cuban music,music genre,,music of Cuba
Afro-Peruvian music,music genre,,music of Peru
Afro-Surinamese music,music style in Suriname,,music of Suriname
Afro-funk,music genre,,funk
Afro-jazz,"fusion music genre blending jazz harmony and improvisation with African rhythmic traditions, especially the South African ""African jazz"" movement of the 1950s rooted in marabi and kwela",,jazz
Afro-jùjú,music genre,,Jùjú music
Afro-punk,punk music made by African-diasporic people,,African-American music
Afro-raga,musical dialogue between Indian raga and West African music traditions,,raga
Afro-rock,style of rock music,,rock music
Afro-soul,music genre; fusion between soul music and African sound,,soul
Afro-zouk,music genre,,zouk
Afrobeat,music genre,1970,music of West Africa
Afrobeats,music genre,2008,pop music
Afrofuturism,musical movement,,
Afroma,music genre,,music of Malawi
Afropiano,fusion genre of afrobeats and amapiano,2020,Amapiano
Afrosounds,Music Genre,1990,Afrobeat
Afroswing,music genre,,hip-hop
Agamani-Vijaya,Bengali folk song genres,,Bengali folk music
Ahellil,Algerian music genre,,music of Algeria
Ahidus,Moroccan music genre,,folk dance
Aikawa Ondo,music genre and type of dance,,Bon Odori
Ainu folk music,Ainu music is the musical tradition of the Ainu people of northern Japan,,East Asian folk music
Ainu music,music genre,,music of East Asia
Ajisari,music genre,,Islamic music
Akan music,music of the Akan people of Ghana and Ivory Coast is based on some of the oldest musical traditions of West Africa,,music of West Africa
Akiba-pop,musical subgenre of J-pop originating in Akihabara,,J-pop
Akishibu-kei,music genre,,J-pop
Akron Sound,music genre or scene,,rock music
Akzhelen,music genre,,Kazakh folk music
Alaskan hip hop,Rap music genre,,American hip-hop
Albanian folk music,music genre,,music of Albania
Albanian hip hop,music genre or scene,,music of Albania
Albanian iso-polyphony,Albanian iso-polyphony is a traditional part of Albanian folk music and a UNESCO Intangible Cultural Heritage.,,polyphony
Albanian pop-folk,music genre,,Balkan pop-folk
Albanian rock,music genre or scene,,rock music
Albanian urban lyric song,music genre,,music of Albania
Alevi folk music,music genre,,music of Turkey
Algerian chaabi,music genre in Algeria,2000,chaabi
Algerian hip hop,music genre or scene,1988,African hip-hop
Algerian jazz,music genre or scene,,jazz
Algerian malouf,Algerian Arab-Andalusian scholarly music directory of the School of Constantine,,ma'luf
Algerian rock,music genre or scene,,rock music
Almlied,music genre,,Alpine folk music
Alpenrock,music genre,,folk rock
Alpine folk music,"folk music that has been handed down mainly in the German-speaking Alpine countries of Bavaria, Austria, Switzerland and South Tyrol",,European folk music
Alpine music,music genre,,music of Europe
Alpini song,music genre,,Alpine folk music
Alsatian folk music,music genre,,French folk music
Altai folk music,music genre,,Asian folk music
Alyor,kind of Uzbek folk genre,,traditional folk song
Amanes,traditional vocal musical genre from the Eastern Mediterranean,,
Amapiano,subgenre of house music from South Africa,2012,house music
Ambrosian chant,liturgical plainchant repertory of the Ambrosian rite of the Roman Catholic Church,,plainsong
American art song,music genre,,art song
American fiddle,music genre,,
American folk music,group of folk music genres from the United States,,traditional folk music
American gamelan,style and scene of gamelan music,,gamelan
American hardcore punk,music genre or scene,,hardcore punk
American hip-hop,music genre or scene,,hip-hop
American march music,music genre,,march
American metal,music genre or scene,,metal music
American patriotic music,music reflecting the history and culture of the United States,,patriotic music
American pop,music genre or scene,,pop music
American primitive guitar,fingerstyle guitar music genre,1959,contemporary folk music
American progressive rock,music genre or scene,,progressive rock
American punk rock,music genre or scene,,punk rock
American rock,overview of rock music in the United States,,rock music
American roots music,music genre,,American folk music
American trad rock,music genre,,American rock
Americana,genre of music and radio format,,music of North America
Amerindie,indie music scene,,independent music
Ameripolitan,music genre,,
Anatolian blues,type of music that is a combination of Turkish folk music and blues,,blues
Anatolian rock,genre that emerged through a fusion of Turkish folk music and rock,1965,Turkish rock
Andalusi classical music,genre of music originally developed in al-Andalus by the Muslim population of the region and the Moors,1000,music of North Africa
Andalusi nubah,musical genre of the Arab-Andalusian type (or Andalusian music) that in the 9th century was from Baghdad to Cordoba and Granada. It is traditionally found in the countries of Maghreb Africa,,Arabic classical music
Andalusian folk music,music genre,,music of Andalusia
Andean folk music,music genre,,Andean music
Andean music,music and musical traditions of indigenous people of Andean region,,Hispanic American music
Andean music (Colombia),music genre,,Andean music
Andean music of Peru,music genre,,Andean music
Andean new age music,fusion genre of new-age music with Peruvian flute and/or Paraguayan harp music,1980,new age music
Angklung buncis,music genre or performing arts genre,,traditional folk music
Anglesey folk music,music genre,,Welsh folk music
Anglican chant,form of church singing,,church music
Anglican church music,"music that is written for Christian worship in Anglican religious services, forming part of the liturgy",1600,church music
Anglican hymn,Christian hymn used in Anglican services,,Christian hymn
Anglo-American music,music genre,,
Angolan rock,music genre or scene,,rock music
Antsa (praise),Traditional praise in northern Madagascar,,music of Madagascar
Appalachian folk music,music genre,,American folk music
Appalachian music,traditional music of the American Appalachian Mountains region,,music of the United States
Appenzeller string music,"Music from Appenzell, Sweden",,music of Switzerland
Arabesque pop,music genre,,pop music
Arabesque rock,Turkish music sub genre,,Anatolian rock
Arabic belly dance music,music genre,,Arabic folk music
Arabic classical music,music genre,,Arabic music
Arabic folk music,music genre,,traditional folk music
Arabic hip-hop,music genre or scene,,hip-hop
Arabic jazz,music genre,,jazz
Arabic music,music of the Arab world,,music of the Middle East
Arabic pop,subgenre of pop music and Arabic music,,pop music
Arabic rock,a wide variety of forms of music made in the Arab World,,rock music
Aragonese folk music,music genre,,Spanish folk music
Aragonese rock,music genre or scene,,rock music
Aramaic music,music genre,,
Argentine cumbia,umbrella term; dance and music style known as cumbia in Argentina,,cumbia
Argentine folklore,music genre,,music of Argentina
Argentine heavy metal,music genre or scene,,heavy metal music
Argentine hip-hop,music genre and scene,,music of Argentina
Argentine punk,music genre or scene,,music of Argentina
Argentine rock,rock music composed or performed by Argentine bands or artists mostly in Spanish,,rock music
Argentine tango,musical genre and accompanying social dance originating at the end of the 19th century in the suburbs of Buenos Aires and Montevideo,1905,tango
Argentinian blues,music genre or scene,,blues
Argentinian popular music,music genre and scene,,popular music
Armenian chant,music genre,,Christian hymn
Armenian church music,music genre,,church music
Armenian folk dance song,music genre,,Armenian folk music
Armenian folk music,music genre,,music of Armenia
Armenian jazz,music genre or scene,,jazz
Armenian rock,music genre or scene,,rock music
Armenian rural music,music of Armenians in rural areas,,Armenian folk music
Aromanian folk music,music genre,,Balkan folk music
Aromanian music,Music of the Aromanians,,music of the Balkans
Ashiqs of Azerbaijan,intangible cultural heritage,,ashik
Ashkenazi cantorial music,music genre,,Ashkenazi music
Ashkenazi music,music genre,,Jewish music
Ashug music,music genre,,traditional folk music
Asian American hip hop,music genre or scene,,American hip-hop
Asian Underground,music genre and scene,,ethnic electronica
Asian folk music,music genre,,traditional folk music
Asian hip-hop,group of music genres or scenes,,hip-hop
Assaggio,music genre,,
Assamese folk music,music genre,,South Asian folk music
Assyrian folk music,music genre,,Arabic folk music
Assyrian folk/pop,music genre,,Arabic pop
Asturian folk music,music genre,,music of Asturias
Athabaskan fiddle,music genre,,
Athabaskan fiddling,music genre,,indigenous music of North America
Atlanta bass,music genre,1989,Miami bass
Atlanta blues,music genre or scene,,blues
Atomic Platters,short-lived sub-genre of 1940s and 1950s pop music concerned with an atomic World War Three and its aftermath,,pop music
Aussie rock,particular style of tough hard rock performed by Australian bands,,hard rock
Australian country music,genre of popular music from Australia,,country music
Australian folk music,music genre,,traditional folk music
Australian hardcore,music genre or scene,,hardcore punk
Australian hip-hop,music genre or scene,1982,hip-hop
Australian indie rock,part of the overall flow of Australian rock history,,indie rock
Australian jazz,music genre or scene,,jazz
Australian punk rock,Australian music scene,,punk rock
Australian reggae,Australian music scene,,reggae
Australian rock,Australian appreciation of and contributions to the rock music genre,,rock music
Australian ska,music genre or scene since the mid-1980s,,ska
Australian thrash metal,Australian music scene,,thrash metal
Austrian folk music,type of European folk music,,Alpine folk music
Austrian hip hop,music genre or scene,,music of Austria
Austronesian music,music genre,,music of Oceania
Austropop,music genre or scene,1968,pop music
Auvergnat folk music,music genre,,Occitan folk music
Avanzada Regia,Mexican musical movement in the mid-1990s from Monterrey,1990,
Avar folk music,music genre,,Dagestani folk music
Azerbaijani classical music,music genre or scene,,music of Azerbaijan
Azerbaijani folk music,traditional music of Azerbaijan,,music of Azerbaijan
Azerbaijani hip hop,music genre or scene in Azerbaijan,,hip-hop
Azerbaijani jazz,music genre and scene,,jazz
Azerbaijani pop,music genre or scene,,pop music
Azerbaijani religious music,music genre,,music of Azerbaijan
Azerbaijani rock,Azerbaijani rock music,,rock music
Azonto,Ghanaian dance and music genre,2000,music of Ghana
Aztec music,music genre,,ancient music
B-Town,music scene,,
BMG movement,musical genre,,
Baganda music,Ugandan music culture,,music of East Africa
Bahamian rhyming spiritual,music genre,1920,music of the Bahamas
Bahia house,music genre,,electronic dance music
Bahoejy,Musical style,1979,music of Madagascar
Bailada,music genre,,
Baisha xiyue,music genre,1600,Chinese classical music
Baka music,music genre,,
Bakersfield sound,sub-genre of country music,1957,country music
Balakadri,music genre,,
Balearic beat,genre of electronic dance music,1987,electronic dance music
Balearic trance,subgenre of trance music,1991,trance
Balkan ballad,music genre,,sentimental ballad
Balkan beats,music genre,,popular folk music
Balkan brass,music genre,,Balkan folk music
Balkan folk music,folk music of the South Slavic countries,,European folk music
Balkan jazz,music genre or scene,,jazz
Balkan pop-folk,music genre,,music of the Balkans
Ball de bot,music genre and type of dance,,dance
Ballu tundu,music genre and type of dance,,folk dance
Balochi folk music,music genre,,Balochi music
Balochi music,music genre,,music of the Middle East
Baltic folk music,music genre,,European folk music
Baltimore club,genre of house and dance music,1988,house music
Balto-Finnic folk music,music genre,,European folk music
Bamar folk music,music genre,,Southeast Asian folk music
Bamar music,music genre,,music of Myanmar
Bambara music,music genre,,music of West Africa
Banamba,Saamaka dance and music in Suriname,,music of Suriname
Banda music,"music of the Banda people, a Central African ethnic group",,music of Central Africa
Bandana thrash,Musical subgenre,1998,thrashcore
Bandari music,music genre,,music of Iran
Bangla Adhunik Gaan,Bengali music genre,,
Bangladeshi classical music,music genre,,Hindustani classical music
Bangladeshi heavy metal,music genre or scene,,heavy metal music
Bangladeshi hip hop,music genre and scene,,music of Bangladesh
Bangladeshi rock,rock music of Bangladesh,,rock music
Bango,music genre,,music of Kenya
Bangsawan,Indonesian traditional folk theatre of Malay,,folk play
Bantowbol,Style of music from Cameroon,,
Bantu music,music genre,,
Baoulé music,music genre,,music of West Africa
Baroque music,style of Western classical music,1600,classical music
Baroque suite,"varied dance pieces, usually in the same key, structured on the music of European courtly dances",,suite
Barzelletta,popular verse form used by frottola composers in Italy in the fifteenth and sixteenth centuries,,stanza
Basesa,Malagasy traditional musique,,music of Madagascar
Bashkir folk music,music genre,,music of Bashkortostan
Bashkir folk song,music genre,,traditional folk song
Bashkir song,music genre,,song
Basque ballad,"short compositions in verse of a narrative nature, in most cases set to music, which flourished between the 14th and 19th centuries",,Basque literature
Basque folk music,music genre,,Basque music
Basque music,music of the Basque region and people,,music of France
Basque radical rock,music genre,,punk rock
Basque rock,music genre or scene,,rock music
Bassi,music genre,,Croatian folk music
Bastlösreime,music genre,,nursery rhyme
Batak music,music genre,,music of Indonesia
Batrelaky,Music style,,Malagasy folk music
Batuque de Umbigada,music genre and type of dance,,dance
Batá-rumba,music genre,1957,Cuban rumba
Bavarian polka,music genre and type of dance,,Austrian folk dance
Bay Area thrash metal,music genre or scene,1985,thrash metal
Bayat-e Esfahan,music genre,,Persian traditional music
Beat poetry,poetry by a Beat generation author,,poetry
Bedouin music,music of nomadic Bedouin Arab tribes,,Arabic music
Beiguan,traditional music of China,,Chinese traditional music
Being-kei,music genre,,music of Japan
Beja music,music genre,,music of Northeast Africa
Belarusian folk music,music of ethnic Belarusians,,music of Belarus
Belarusian hip hop,music genre and scene,,music of Belarus
Belarusian rock music,music genre or scene,,rock music
Belgian hardcore techno,music genre,1990,techno
Belgian hip hop,music genre or scene,,music of Belgium
Belgian jazz,music genre and scene,,jazz
Belgian rock,music genre or scene,,rock music
Belpop,music genre,,music of Belgium
Beluk,Sundanese art genre,,vocal music
Beneventan chant,liturgical plainchant repertory of the Roman Catholic Church,700,music of Italy
Bengali folk music,music genre,,music of West Bengal
Beninese hip hop,music genre or scene,,African hip-hop
Bentonia School,music genre and performance technique,,Delta blues
Berber music,musical culture of the Berber ethnic groups of North Africa,,music of North Africa
Berlin School of electronic music,music genre or scene,1974,progressive electronic music
Berlin techno,music genre or scene,,techno
Bernese dialect scene,music scene,,music of Switzerland
Bertitik,bajau traditional musical ensemble,,
Beste,musical concept,,fasıl
Bhatiali,Folk song of Bengal,,music of Bengal
Bhojpuri folk music,music genre,,Bhojpuri music
Bhojpuri music,overview of music traditions in Bhojpuri Language,,
Bhojpuri pop,music genre,,Indian pop
Bhutanese folk music,music genre,,music of Bhutan
Big Drum,instrument,,music of the Caribbean
Bigwala,"cultural practice of the Basoga people of Uganda, performed during royal celebrations",,Ugandan folk dance
Bilbainada,music genre,,
Birmingham sound,music genre,1993,industrial techno
BisRock,music genre,,Pinoy rock
Biscayan jota,music genre and type of dance,,jota
Black Rio,Afro-Brazilian soul- and funk-oriented countercultural movement,1976,Afro-Brazilian music
Boeremusiek,type of South African instrumental folk music; originally an accompaniment to social dancing at parties and festivals,,music of South Africa
Boheoja,Korean court music,,Korean court music
Bolel,music genre,,
Bolero son,Subgenre of the Cuban bolero,,son cubano
Bolivian huayño,music genre,,huayno
Bollywood film music,songs featuring in Bollywood films,,Indian film music
Bongai,traditional Minangkabau musical ensemble originally from West Sumatra,,
Borankana,traditional music in Botswana,,music of Botswana
Bordun music,music genre,,traditional folk music
Borgeet,Devotional song composed by Srimanta Sankardeva and Madhavdeva,1500,
Boria,music genre and type of dance,,
Borrohite,singing style of sad folk songs,,singing
Bosnian and Herzegovinian folk music,music genre,,music of Bosnia and Herzegovina
Bosnian and Herzegovinian hip hop,music genre or scene,,music of Bosnia and Herzegovina
Bosnian and Herzegovinian rock,music genre or scene,1965,rock music
Bosnian root music,music genre,,polyphony
Bosstown Sound,music genre or scene,,psychedelic rock
Boston hardcore,music genre or scene,,music of Massachusetts
Bothy band,music genre; musical group which comes from the farming culture of nineteenth century Scotland,,
Bouyon soca,Music genre,2000,soca music
Bozlak,music genre,,
Brasília hip hop,music genre or scene,,Brazilian hip-hop
Bravura,style of music intended to show off the skill of a performer,,
Bravú,Galician rock musical movement,,rock music
Brazilian Christian rock,music genre or scene,,Christian rock
Brazilian bass,subgenre of house music,2012,house music
Brazilian classical music,music genre,,music of Brazil
Brazilian colonial music,music from the Brazilian colonial period,,music of Brazil
Brazilian folk music,traditional folk music of Brazilian people,,music of Brazil
Brazilian funk,"group of Brazilian musical genres, including its origins as funk carioca, as well as its many subgenres and derivatives",1989,music of Brazil
Brazilian gaucho music,music genre,,music of Brazil
Brazilian hip-hop,music genre or scene,,music of Brazil
Brazilian indigenous music,music genre,,indigenous American folk music
Brazilian jazz,music genre and scene,,jazz
Brazilian phonk,music genre,,funk mandelão
Brazilian punk rock,Punk scene in Brazil,,punk rock
Brazilian rap geek,music genre,,nerdcore
Brazilian reggae,music genre or scene,,reggae
Brazilian rock,rock music made in or associated with Brazil,,rock music
Brazilian thrash metal,music genre or scene,,thrash metal
Breton Celtic folk music,music genre,,Celtic folk music
Breton folk music,music genre,,music of Brittany
Breton hymn,popular hymns in Breton,,canticle
Breton rock,music genre or scene,,music of Brittany
Breton song,music genre in Brittany,,song
Brill Building,pop genre that originated in New York in the 1960s,,pop music
Brisbane punk rock,history of punk rock in the Australian city,,punk rock
Brit funk,music genre,,funk
Britcore,music genre,1988,hardcore hip-hop
British Black music,music of the African diaspora,,music of the United Kingdom
British Invasion,"cultural phenomenon of the mid-1960s, when rock and pop music acts from the United Kingdom and other aspects of British culture became popular in the United States",,pop music
British blues,derivative form of American blues,1958,electric blues
British brass band music,music genre,,music of the United Kingdom
British dance band,music genre,1921,jazz
British folk music,music genre,,music of the United Kingdom
British folk rock,form of folk rock pioneered in England,1968,folk rock
British jazz,music genre or scene,,jazz
British metal music,music genre and scene,,music of the United Kingdom
British pop,"popular music, produced commercially in the United Kingdom",,pop music
British psychedelic music,music genre or scene,,music of the United Kingdom
British punk,music genre or scene,,punk rock
British rhythm and blues,Musical movement in the United Kingdom,1963,rock music
British rock,rock music made in or associated with the United Kingdom,1960,rock music
British rock and roll,music genre or scene,,rock and roll
British soul,music genre or scene,,soul
British trad rock,music genre,,British rock
Britpop,music genre; 1990s UK pop culture movement,1991,alternative rock
Britpop revival,music genre,,Britpop
Broadway music,musical style associated with Broadway musicals,1870,musical theater
Bronx drill,music or scene,2010,East Coast hip-hop
Brooklyn drill,subgenre of hip-hop,,music of New York City
Bubu music,traditional style of music from Sierra Leone,,African folk music
Buddhist chant,music genre,,Buddhist music
Buddhist metal,music genre,,heavy metal music
Buddhist music,music genre,,religious music
Buenos Aires hardcore,music genre or scene,,hardcore punk
Buganda royal court music,music genre,,art music
Bugarštica,"folk music genre; form of epic and ballad oral poetry, popular among South Slavs mainly in Dalmatia and Bay of Kotor from 15th until the 18th century",,ballad
Bulawayo jazz,music genre,,jazz
Bulgarian folk music,music genre,,music of Bulgaria
Bulgarian folk song,music genre,,Bulgarian folk music
Bulgarian hip hop,music genre or scene,,music of Bulgaria
Bulgarian jazz,music genre or scene,,jazz
Bulgarian rock music,music genre or scene,,music of Bulgaria
Bulgarian wedding music,music genre,,music of Bulgaria
Burban,musical subculture,2011,hip-hop
Burmese classical music,music genre,,music of Myanmar
Burmese hip hop,music genre and scene,,music of Myanmar
Burmese mono,Burmese music genre,,music of Myanmar
Burmese stereo,Burmese music genre,,pop rock
Burra katha,oral storytelling technique in the Katha tradition,,Telugu folk music
Burushaski folk music,music genre,,Pakistani folk music
Buryat folk music,music genre,,music of Buryatia
Byzantine chant,music genre,,Byzantine music
Byzantine music,music in the tradition of the Byzantine Empire,,ancient music
Böhmerwaldlieder,music genre,,Lied
Büchel music,Tirol instrumental music,,
C-pop,"music genre by artists originating from mainland China, Hong Kong, and Taiwan",,A-pop
C86,music genre,1982,indie pop
Ca Huế,form of classical Vietnamese music,,
Ca din tulnic,music genre,,
Cachi Cachi music,Music played by Puerto Ricans after their migration to Hawaii,,
Cajun fiddle,music genre,,
Cajun music,music of Cajun Louisiana is rooted in ballads of French-speaking Canadians,1790,music of Louisiana
Caledonian rap,music genre or scene,,hip-hop
California Sound,popular music aesthetic originating in the early 1960s,,
Calinda,"martial art, folk music and war dance in the Caribbean",,war dance
Calypso War,music genre,,
Calypso-style baila,Sri Lankan music genre,,
Cambodian classical music,music genre,,Southeast Asian classical music
Cambodian pop,music genre or scene of Cambodia,,pop music
Cambodian rock,music genre or scene,,rock music
Campirano,Regional Mexican music campirano style,,regional Mexican
Canadian Celtic music,music genre and scene,,Celtic music
Canadian Latin music,music genre and scene,,music of Canada
Canadian blues,music genre or scene,,blues
Canadian country music,music genre or scene,,country music
Canadian folk music,music genre or scene,,music of Canada
Canadian hardcore punk,music genre or scene,,hardcore punk
Canadian heavy metal,music genre or scene,,heavy metal music
Canadian hip-hop,music genre or scene,,hip-hop
Canadian jazz,music genre or scene,,jazz
Canadian maritime folk,music genre,,music of the Maritimes
Canadian punk rock,music genre or scene,,punk rock
Canadian rock,Canadian appreciation of and contributions to the rock music genre,,rock music
Canarian folk music,music genre,,music of the Canary Islands
Canción mexicana,music genre,,song
Candlemas singing in southern Lower Austria,"social practice in Lower Austria, inscribed in the Unesco ICH Austrian inventory in 2018",,processional rite song
Candombe beat,Uruguayan music genre,1968,rock music
Cantabrian folk music,music genre,,Northwest Iberian folk music
Canterbury scene,music genre and scene,1968,progressive rock
Canto livre,music genre,,
Cantu a vatoccu,"polyvocal form of the oral tradition of Umbria and Marche, in two non-parallel voices, substantially homorhythmic, in discanto, characterized by the presence of intervals of second, augmented fourth, sixth, and minor seventh",,work song
Caoine,music genre,,elegy
Cape Breton fiddling,"regional violin style from Cape Breton, Nova Scotia, Canada, originating from Gaelic-speaking immigrants from the Scottish Highlands and the Outer Hebrides during the Highland Clearances",,Cape Breton folk music
Cape Breton folk music,music genre,,Celtic folk music
Carballesa,music genre and type of dance,,dance
Caribbean folk music,music genre,,traditional folk music
Carnatic music,music genre originating in southern India,1100,Indian classical music
Carnatic vocal music,music genre,,vocal music
Carpathian plainchant,kind of Church chant in Byzantine rite,1906,church music
Cascadian black metal,music genre or scene,,music of Canada
Castilian jotas,music genre and type of dance,,jota
Catalan flamenco,music genre and type of dance,,flamenco
Catalan popular folk music,music genre,,popular folk music
Catalan rock,music genre or scene,,rock music
Catalan rumba,music genre and type of dance,1940,music of Catalonia
Catalan traditional folk music,music genre,,music of Catalonia
Catholic Christian rock,music genre,,Christian rock
Catholic hymn,Christian hymn used in Catholic services,,Christian hymn
Catholic music,music genre,,Christian music
Caucasian folk music,music genre,,traditional folk music
Cavalier song,music genre,,
Celempungan,Sundanese musical genre,,
Celtic chant,music genre,,Celtic music
Celtic electronica,music genre,1987,Celtic music
Celtic folk music,music genre,,Celtic music
Celtic fusion,music genre,1970,Celtic music
Celtic metal,Musical genre,1994,folk metal
Celtic music,music genre,,music of Europe
Celtic new age,music genre,,new age music
Celtic pop,music genre,,pop music
Celtic punk,punk rock mixed with traditional Celtic music,1984,punk rock
Celtic rock,subgenre of rock music influenced by Celtic folk music,1972,folk rock
Central Asian throat singing,music genre,,throat singing
Ceol Meadhonach,music genre,,
Ceòl Beag,music genre,,
Cha-wave,popular music in Chakavian,,
Chabad niggunim,niggunim (melodies) of the Chabad-Lubavitch movement within Hasidic Judaism,,Hasidic music
Chaiti,genre of Bhojpuri folk music,,Bhojpuri folk music
Chamrieng Samai,music genre,,
Changgeuk,Genre of Korean opera,,
Chanson pour boire,music genre,1627,
Chanté mas,music genre,,
Chaoui music,music genre,,
Charanga-vallenata,music genre,1980,
Chazezesa Challengers,music genre,,Jit
Chechen folk music,music genre,,Caucasian folk music
Chicago blues,"form of blues music indigenous to Chicago, Illinois",1920,blues
Chicago drill,music genre,2010,drill
Chicago hard house,music genre,1995,house music
Chicago hardcore,music genre or scene,1981,hardcore punk
Chicago hip-hop,music genre or scene,,American hip-hop
Chicago house,music genre,1981,house music
Chicago jazz,music genre,,New Orleans jazz
Chicago polka,music genre,,music of Poland
Chicago post-rock,post-rock music genre or scene,,post-rock
Chicago soul,music genre,1962,soul
Chicano protest music,type of Mexican American music,,protest song
Chicano punk,genre of Chicano rock,,rock music
Chicano rap,music genre,1990,gangsta rap
Chicano rock,music genre; rock music performed by Mexican American groups or music with themes derived from Chicano culture,,rock music
Chicken scratch,American Indigenous dance music,,O'odham music
Chikuzen biwa,music genre,,katarimono
Chilean cueca,music genre and type of dance,,cueca
Chilean cumbia,musical genre originating from Chile,,cumbia
Chilean electronic music,electronic music genre,,electronic music
Chilean folk music,music genre,,music of Chile
Chilean hip-hop,music genre or scene,,hip-hop
Chilean rock,Rock Music made in Chile or by chileans,1958,rock music
Chinese alternative music,music genre or scene,,music of China
Chinese classical music,music genre,,East Asian classical music
Chinese folk flute music,music genre,,Chinese traditional music
Chinese heavy metal,music genre or scene,,heavy metal music
Chinese hip hop,music genre or scene,1995,Chinese modern music
Chinese literati music,music genre,,Chinese classical music
Chinese new year songs,music genre,,music of China
Chinese orchestral music,music genre,,music of China
Chinese rock,music genre or scene,,rock music
Chinese traditional music,music genre,,music of China
Chinese yellow music,music genre,,music of China
Chorale concerto,music genre,,composed musical work
Chorale motet,music genre,,motet
Chouval bwa,music genre,,Caribbean folk music
Chrieng Brunh,music genre,,
Christian R&B,music genre,,rhythm and blues
Christian adult contemporary,music genre,,Christian music
Christian alternative rock,alternative rock music music lyrically grounded in a Christian worldview,1982,alternative rock
Christian country music,"music genre, country music with Christian message",,gospel music
Christian death metal,music genre,,death metal
Christian electronic dance music,music genre,,electronic dance music
Christian hardcore,music genre,1992,hardcore punk
Christian hip-hop,cross-genre of contemporary Christian music and hip-hop music,1985,hip-hop
Christian hymn,type of Christian song specifically written for the purpose of adoration or prayer,,practical poetry
Christian metal,genre of heavy metal music with Christian themes,1985,heavy metal music
Christian music,music expressing Christian life and faith,,religious music
Christian pop,music genre,,pop music
Christian punk,subgenre of punk rock,1985,punk rock
Christian rock,rock music with lyrics related to Jesus and Christianity,1968,rock music
Christian ska,music genre,,Christian alternative rock
Christmas cantata,cantata intended to be performed for Christmas,,cantata
Christmas carol,type of traditional Christmas song,,carol
Christmas children's music,music genre,,Christmas music
Christmas country music,music genre,,country music
Christmas hymn,seasonal Christian hymn intended for Advent,,Christian hymn
Christmas music,music associated with Christmas,,holiday music
Christmas pop,music genre,,pop music
Christmas religious music,music genre,,religious music
Christmas rock music,music genre,,rock music
Christmas villancicos and coplas,"designation of intangible heritage of Jerez de la Frontera, Spain",,Christmas carol
Christmas-themed song,song intended to be performed for the Christmas and holiday season,,song
Chromatic fantasia,music genre,1590,
Chukchi folk music,music genre,,traditional folk music
Chula (Bahia),music genre,,
Chumba,music genre and type of dance,,
Chutney parang,music genre,,
Chuvash folk music,music genre,,Chuvash music
Chuvash music,music of Chuvash ethnic group,,music of Russia
Chầu văn,music genre,1870,
Ciranda,music genre and type of dance,,coco
Circassian folk music,music genre,,Circassian music
Circassian music,music genre,,music of the Caucasus
Classical period,genre of Western music (c. 1730–1820),1730,classical music
Cleveland punk,"1970s music scene in Ohio, US",,proto-punk
Colombian cumbia,music genre from Colombia,,cumbia
Colombian folk music,music genre,,music of Colombia
Colombian hip-hop,music genre and scene,,Latin hip-hop
Colombian rock,rock music made in or associated with Colombia,,rock music
Colombian tamborito,musical genre and folk dance from the Pacific Region of Colombia,,dance
Colossal Baroque,music genre,1600,
Columbia,type of Cuban rumba,,Cuban rumba
Combined rhythm,music genre,,
Composer tributes,music genre,,homage
Concentus,music genre,,Gregorian chant
Concert march,music genre,,march
Concert polka,music genre,,polka
Concerted madrigal,music genre,1600,
Congolese hip hop,music genre or scene,,African hip-hop
Congolese rumba,genre of African music and dance,1940,music of Congo
Contemporary Catholic liturgical music,encompasses a comprehensive variety of styles of music for Catholic liturgy that grew both before and after the reforms of the Second Vatican Council,,church music
Contemporary Celtic music,music genre,,Celtic music
Contemporary Latin music,music genre,,contemporary music
Continental jazz,music genre,,jazz
Contradanza,Spanish and Spanish-American version of the contradanse music and dance genre,,dance
Cool Cymru,"culture, music and arts era",,
Coptic music,music genre,,Christian music
Copy thachin,genre of music in Myanmar,,music of Myanmar
Corinhos,music genre,,music of Brazil
Cornish folk music,music genre,,English folk music
Corrido,traditional style of dance and music of Spain,,dance
Corsican folk music,music genre,,French folk music
Cosmic American,music genre,,popular music
Cossack song,music genre,,Slavic folk song
Costa Rican rock,music genre or scene,,rock music
Count singing,choral rehearsal technique involving replacing lyrics with note positions within a measure,,vocal music
Creole jazz,music genre,,jazz
Creole music,music genre,,music of the United States
Cretan folk music,music genre,,music of Crete
Crimean Tatar music,music genre,,Tatar music
Croatian folk music,music genre,,music of Croatia
Croatian hip hop,music genre or scene,,music of Croatia
Croatian pop,music genre and scene,,pop music
Croatian pop-folk,music genre,,Croatian popular music
Croatian rock,music genre or scene,,rock music
Croatian tamburica,Type of folk song,,traditional folk song
Cruel romance,music genre,,Russian romance
Csango folk music,music genre,,Balkan folk music
Cuban charanga,music genre,,music of Cuba
Cuban folk music,music genre,,music of Cuba
Cuban hip hop,music genre or scene,,music of Cuba
Cuban jazz music,music genre and scene,,jazz
Cuban pop,music genre and scene,,pop music
Cuban rock,music genre or scene,,rock music
Cuban rumba,music genre originating from Cuba,,music of Cuba
Cuban salsa,form of salsa dance that originated in Cuba and accompanying music,,salsa
Cyclic mass,music genre,,mass
Czech bluegrass,subgenre of bluegrass music,,bluegrass music
Czech folk music,music genre,,music of the Czech Republic
Czech hip hop,subculture in Czechia,,music of the Czech Republic
Czech national classical music,music genre,,classical music
Czech rock,music genre or scene,,rock music
Czech tramping music,music genre,,country music
D-beat,genre of hardcore punk,1980,hardcore punk
DMV hip-hop,"music scene in Washington, D.C.",,East Coast hip-hop
DPRK-pop,music genre originating in North Korea,,pop music
Dadakuada,music genre,,
Dadra,rhythmic cycle in Hindustani classical music,,Hindustani classical music
Daechwita,traditional Korean musical form (military music),,military music
Dagbon music and dance,Ghanaian tradition of the Dagbamba,,music of Ghana
Dagestani folk music,music genre,,music of Dagestan
Dahira,chant religieux,,chant
Dangdut hip-hop,Indonesian music genre,,popular music
Danish folk music,traditional music of Denmark,,Nordic folk music
Danish hip hop,music genre or scene,,music of Denmark
Danish jazz,jazz music in Denmark,,jazz
Danish rock,music genre or scene,,rock music
Danmono,traditional Japanese style of instrumental music for the koto,,sokyoku
Danza,"musical genre that originated in Ponce, Puerto Rico",,music of Puerto Rico
Dapha music,"Newa artform in which singers and musicians perform devotional music, based on classical raga and taal system",,Newar music
Dasakathia,folk music and dance of Odisha,,Indian folk music
Dawr,music genre,,vocal music
De dragoste,music genre,,
Delta blues,music subgenre; early style of blues music,1928,blues
Dene music,music genre,,
Denver sound,music genre or scene,,alternative country
Desi hip hop,music genre and scene,2002,Asian hip-hop
Detroit blues,"blues played by musicians residing in and around Detroit, Michigan",,blues
Detroit hardcore,hardcore punk genre,,hardcore punk
Detroit house,music genre,,house music
Detroit rock,music genre or scene,,rock music
Detroit sound,hip-hop subgenre originating from the Michigan city of Detroit,,Midwest hip-hop
Detroit techno,type of techno music,1984,techno
Deuda song,music genre,,
Deutschfolk,genre of contemporary folk music,,music of Germany
Dhamail,music genre and type of dance,,music of Bangladesh
Dhenkir Gaan,music genre,,South Asian folk music
Dhumpa sangita,music genre,1800,Indian folk music
Dhun,instrumental piece,,Hindustani classical music
Die anderen Bands,alternative musical groups during the 1980s in the GDR,,
Dihanaam,music genre,,
Dikir Barat Singapura,cultural dance performance,,
Dikir barat,Malay folk genre and a form of music often sung competitively between groups,,Malay music
Dingxian music,music genre,,
Dinka music,music genre,,music of East Africa
Discant,medieval music style,,medieval music
Disney music,music genre,,children's music
Dixieland jazz,style of jazz music,1910,jazz
Domestic chant,music genre,,chant
Dominican dembow,music subgenre,2000,music of the Caribbean
Dominican hip hop,music genre or scene,,hip-hop
Dominican rock,music genre or scene,,rock music
Dondang Sayang,Malaccan love ballads,,Malay music
Donosti sound,music genre,1989,pop rock
Doom WAD music,music genre or scene,,MIDI music
Downtown music,avant-garde music scene of downtown Manhattan in the mid-20th century,,music of New York City
Drum and bass electronic rock,hybrid music genre,2009,electronic rock
Druze music,music genre,,Levantine Arabic music
Dumka,music genre,,poetry
Dunedin sound,genre of indie pop music,1981,indie rock
Duranguense,music genre closely related to the Mexican styles of banda and norteño,,regional Mexican
Dutch cabaret,music genre,,musical theater
Dutch folk music,music genre,,music of the Netherlands
Dutch hip hop,music genre or scene,,music of the Netherlands
Dutch house,subgenre of electronic dance music,2007,electro house
Dutch jazz,music genre or scene,,jazz
Dutch punk,music genre or scene,,punk rock
Dutch rock,Dutch appreciation of and contributions to the rock music genre,,rock music
Dutch-language music,music genre,,music
Düsseldorf school,music genre,,German electronic music
Dōjin music,self-published fan music,2000,dōjin work
ECM style jazz,music genre,,jazz
EDM trap music,electronic dance music genre,2010,bass music (EDM)
Early Norwegian black metal scene,Norwegian music scene,,black metal
East African urban music,music genre,,music of East Africa
East Asian classical music,music genre,,art music
East Asian court ceremonial music,music genre,,music of East Asia
East Asian folk music,music genre,,music of East Asia
East Bay Grease,genre of music,,
East Coast blues,music genre,,blues
East Coast club,term that groups the interrelated Electronic Dance Music styles that arose in cities on the East Coast of the United States,1991,US bass music
East Coast hip-hop,regional subgenre of hip-hop music that originated in New York City during the 1970s,1978,American hip-hop
East Coast jazz,music genre or scene,,jazz
East Germany punk,music genre or scene,,German punk
East Slavic church music,music genre,,music of Europe
Easter music,music composed and dedicated to Easter celebrations,,holiday music
Eastern European pop,music genre and scene,,pop music
Eastern Orthodox liturgical music,music genre,,Eastern Orthodox music
Eastern Orthodox music,Liturgical music of the Orthodox Churches and the Eastern Catholic Churches,,Christian music
Eastern-style polka,music genre,,polka
Ecuadorian rock,music genre or scene,,rock music
Edo funk,Nigerian musical genre,,music of Nigeria
Eefing,Appalachian vocal technique,,
Eelam Melody,"Music genre of Eelam, Sri Lanka",,melody
Egerland music,music genre,,traditional folk music
Egwu ekpili,"It is an Igbo folk music that sings of political, religious and social events. It originates in Anambra State, Nigeria.",,
Egyptian hip-hop,music genre or scene,,African hip-hop
Egyptian indie music,music genre or scene,,independent music
Egyptian pop,music genre or scene,,pop music
Egyptian tarab,music genre,,music of Egypt
Ekmelic music,music genre,,microtonal music
El vito,music genre and type of dance,,folk dance
Elizabethan song,music genre,,Renaissance music
English Pastoral School,school of English classical music composers from the early to middle twentieth century,,classical music
English art song,music genre,,art song
English country music,music genre,,English folk music
English folk music,tradition-based music originating in England,,British folk music
Er ren zhuan,music genre and type of dance,,juggling
Eresiak,Basque dirges from the Middle Ages,,song
Esperanto music,"music written, recorded, and performed in Esperanto",,music
Estirtu,music genre,,Kazakh folk music
Estonian folk music,music genre,,music of Estonia
Estonian punk,overview of Estonian punk music,,punk rock
Estonian rock,music genre or scene,,rock music
Ethio-jazz,music genre,1968,jazz
Ethiopian chant,liturgical chant used by Ethiopian Orthodox Tewahedo Church,,Christian hymn
Ethiopian church music,music genre,,church music
Ethiopian pop,music genre or scene,,pop music
Ethiopic music,music of people who speak Ethiopian Semitic languages,,music of Northeast Africa
Eurobeat,music genre,1988,electronic dance music
Eurodance,music genre,1988,electronic dance music
Eurodisco,music genre,1974,disco
Eurohouse,subgenre of house music,1988,house music
Eurometal,music genre or scene,,metal music
European folk music,music genre,,traditional folk music
European free jazz,music genre,,free jazz
European hip-hop,group of music genres or scenes,,hip-hop
European jazz,music genre and scene,,jazz
European tango,music genre,,music of Europe
Europop,late-’60s–pop-music genre,1965,pop music
Eurorock,music genre or scene,,rock music
Eurotrance,subgenre of trance music,1995,trance
Ewe music,music genre,,music of West Africa
FM synthesis,"electronic music genre, based around frequency modulation synthesis and video game consoles of mid to late 1980s",1986,bit music
Fakanau,music genre and type of dance,,music of Tuvalu
Fakaseasea,Tuvaluan traditional dance songs and dance style,,music of Tuvalu
Fandango (Colombia),music genre and type of dance,,fandango
Fann at-Tanbura,music genre and type of dance,,Arab folk dance
Fantezi,Turkish music genre,,music of Turkey
Faroese folk music,music genre,,music of the Faroe Islands
Farsi music,music genre,,world music
Fatele,Tuvaluan traditional dance songs and style,,music of Tuvalu
Fell,music genre,,
Feminejo,Subgenre of sertanejo music,,sertanejo
Fescennine Verses,ancient Roman wedding songs,,bawdy song
Fiddle-singing,Style of music,,
Fife music,"folk tune performed on the fife, solo or by multiple fifes, accompanied by drums",,
Filmi qawwali,music genre,1970,qawwali
Filmi-ghazal,form of ghazal found in South Asian films,,ghazal
Finland's political singing movement,politically radical musical movement that originated in Finland in the 1960s,,
Finnish classical music,classical music made by the Finnish people,,classical music
Finnish folk music,music genre,,music of Finland
Finnish grime,music genre,,grime
Finnish hip hop,music genre or scene,,music of Finland
Finnish jazz,music genre or scene,,jazz
Finnish metal music,music genre or scene,,music of Finland
Finnish rock,rock music made in Finland,1955,rock music
Finnish tango,music genre and type of dance,,tango
Fizeșu Gherlii folk music,music genre,,Hungarian folk music
Fjord jazz,music genre,,jazz
Flemish folk music,music genre,,Flemish music
Flemish music,music genre,,music of Belgium
Flint sound,music genre,,Detroit sound
Flogger,teenage fashion originated in Argentina,2004,
Florida breaks,genre of electronic dance music,1995,breakbeat
Florida death metal,music genre or scene,1984,death metal
Florida fast music,music genre or scene,,sped-up music
Fon music,music genre,,music of West Africa
Foxcore,music genre,1990,
Franco-Flemish School,Franco-Flemish style of vocal music,,Renaissance music
French Caribbean music,music genre,,music of the Caribbean
French baroque music,music of the Baroque era in France,1600,Baroque music
French blues,genre of blues music,1968,blues
French classical music,music genre,,classical music
French contemporary R&B,music genre or scene,1990,contemporary R&B
French electro,music genre,2000,electro house
French electronic music,music genre or scene,,electronic music
French folk music,music genre,,music of France
French folk song,music genre,,traditional folk song
French hip-hop,music genre or scene,1980,music of France
French house,subgenre of house music,1995,house music
French industrial music,music genre or scene,,industrial music
French jazz,music genre or scene,,jazz
French mandopop,music genre,,mandopop
French organ school,music genre,1630,
French overture,music genre,,Baroque music
French polka,music genre and type of dance,,polka
French pop,music genre or scene,,pop music
French progressive rock,music genre or scene,1970,progressive rock
French punk,music genre or scene,,punk rock
French rock,music genre or scene,1955,rock music
French-Canadian folk music,music genre,,Canadian folk music
French-Canadian music,Music genre,,
French-Flemish polyphonic chanson,music genre,,Franco-Flemish School
Frenchcore,electronic music subgenre,1997,hardcore
Frisian pop,music genre and scene,,pop music
Fula music,music genre,,music of West Africa
Fulía,Venezuelan folk music,,traditional folk music
Funkeado,music genre,,
Future soul,music genre,,soul
G-funk,subgenre of hip-hop music that emerged from West Coast hip-hop and gangsta rap,1989,funk
GDR rock,music genre and scene,,rock music
Gaelic folk music,music of the Gaelic people,,European folk music
Gaelic music,music genre,,music of the United Kingdom
Gaelic psalm singing,music genre,,liturgical music
Gaelic song,music genre,,Gaelic music
Gagauz folk music,music genre,,music of Moldova
Galante music,music genre,1720,Baroque music
Galerón,music genre,,
Galician chant,music genre,,chant
Galician folk music,music genre,,music of Galicia
Galician jazz,music genre and scene,,Spanish jazz
Galician melody,music genre,,music of Galicia
Galician progressive rock,music genre or scene,,progressive rock
Galician rumba,"music genre from Galicia, Spain",,music of Galicia
Gallican chant,music genre,,plainsong
Gamad,music genre,,Minangkabau music
Gambang kromong,Indonesian traditional orchestra of betawi people,,orchestra
Gambian hip hop,music genre or scene,,African hip-hop
Game Boy music,music genre,,video game music
Gamelan Bali,traditional music style from Bali,,gamelan
Gamelan Banjar,music genre,,gamelan
Gamelan selunding,ancient sort of Balinese Gamelan music,1000,Gamelan Bali
Gamewave,music genre,,video game music
Gangtai,music genre,,
Gar,music genre and type of dance,,dance
Garifuna folk music,music genre,,Caribbean folk music
Garifuna music,"type of traditional music found in Central America, related to Garifuna people",,music of the Caribbean
Gas pipe clarinet,musical style,,jazz
Gasba music,North African musical style,,
Gascon folk music,music genre,,Occitan folk music
Gato,style of Argentine music and the associated dance,,Argentinian folk dance
Gato cuyano,music genre and traditional Argentine dance,,Argentinian folk dance
Gattung,music genre,,
Gazel,music genre,,
Gaúcho rock,Brazilian music genre; term used to describe a rock sound from Rio Grande do Sul,,rock music
Gbedu (drum),musical instrument; music genre,,musical instrument
Gebrauchsmusik,"German music term; music composed for some specific, identifiable purpose",,music
Geet,music genre,,song
Geisslerlieder,music genre,,
Gekijou,music genre,,hardcore punk
Gelineau psalmody,music genre,,religious vocal music
Gengeton,music genre,,
Genjek,"Balinese traditional music is specifically group, singing without instrumental sound",,music of Bali
Geordie,music genre,,
Georgian folk music,music genre,,music of Georgia
Georgian polyphonic singing,music genre,,polyphony
Georgian sacred music,music genre,,Eastern Orthodox liturgical music
German electronic music,Musical genre,,electronic music
German folk music,music genre,,Alpine folk music
German gangsta rap,music genre and scene,,German hip-hop
German hip-hop,music genre or scene,1981,music of Germany
German jazz,music genre or scene,,jazz
German metal,music genre or scene,,music of Germany
German music,music of the German people as ethnic group,,music of Germany
German pop,music genre and scene,,pop music
German punk,punk music in German language,1975,punk rock
German rock,German music genre,1970,rock music
German techno,music genre or scene,,techno
German volkslied,folk song originating from the German-speaking area,,traditional folk song
Gesellschaftslied,genre of polyphonic German music during the 15. and 16. century,,
Geuzen song,music genre,,song
Gh hip hop,music genre or scene,,African hip-hop
Ghanaian drill,music genre,,music of Ghana
Gharnati music,Algerian Arab-Andalusian music genre,,
Ghetto zouk,"modern musical genre and dance style that emerged as a fusion of Caribbean Zouk, R&B, and Kizomba elements",,zouk
Gidayūbushi,music genre,,jōruri
Gilaki music,music genre,,music of the Middle East
Global K-pop,Korean pop products specifically created and marketed for the English-speaking international market,,K-pop
Gnawa music,music genre,,music of North Africa
Goa trance,subgenre of trance music,1991,psychedelic trance
Gogo,type of Quebec dance music of the 1960s,,dance music
Gogo music,"music of the Gogo people (Wagogo), who inhabit Central Tanzania",,music of Tanzania
Golpe tocuyano,folk music genre of Venezuela,,traditional folk music
Goral folk music,music genre,,Slavic folk music
Goryeo period music,music genre,,music of Korea
Gosos,music genre,,
Gothenburg metal,subgenre of melodic death metal,,melodic death metal
Gothenburg sound,music scene,,melodic death metal
Grallers,music genre,,Catalan traditional folk music
Greek folk music,music genre,,European folk music
Greek hip hop,music genre or scene,,European hip-hop
Greek pop,music genre or scene,,pop music
Greek punk,music genre or scene,,punk rock
Greek rock,Greek appreciation of and contributions to the rock music genre,,rock music
Greenlander music,music of minority Inuit ethnic groups in Greenland,,music of Greenland
Greenwich Village scene,music genre or scene,,music of New York City
Gregorian chant,form of song,900,monody
Gregorian pop,music genre,,pop music
Gstanzl,mocking song in Austria and Bavaria,,comedy song
Guabina,music genre,,
Guaguancó,subgenre of Cuban rumba,,Cuban rumba
Guangdong cantopop,music genre or scene,,cantopop
Guangdong music,traditional Chinese music genre,,music of Guangdong
Guasca music,music genre,,
Guatemalan rock,music genre or scene,,rock music
Guci,music genre,,
Gufeng music,music genre,,C-pop
Guggenmusik,"term used in the Alemannic region of Switzerland, southwestern Germany, France (Alsace), and Austria (Vorarlberg) for both a costumed Carnival marching band and its off-kilter style of music",,music of Germany
Gujarati folk music,music genre,,music of Gujarat
Gunla Bajan,music genre,,music of Nepal
Gurage music,music genre,,Ethiopic music
Gypsy jazz,music genre,1935,jazz
Gypsy punk,hybrid music genre that crosses traditional Romani music with punk rock,1992,punk rock
Gånglåt,music genre,,
Gōshū Ondo,"a type of ondo (music), a traditional Japanese dance song.",,
H8000,music genre or scene,1982,vegan straight edge
Hacha'a,Iraqi dance style,,
Hadrami music,Hadrami music.,,
Haight-Ashbury scene,music scene,,San Francisco Sound
Haimen folk song,music genre,,Chinese traditional music
Haitian Gospel,music genre,,
Haitian hip hop,music genre or scene,,hip-hop
Haitian rock,music genre or scene,1965,rock music
Haitian vodou drumming,music genre related to Haitian vodou,,music of Haiti
Hakka hill song,music genre,,traditional folk song
Hakka music,music genre,,music of China
Hakka traditional music,music genre,,Hakka music
Hakkapop,music genre,,pop music
Hako,Tribal war dance of Easter Island,,war dance
Halloween music,music associated with the secular holiday of Halloween,,holiday music
Hambo,Swedish traditional dance and music genre,,Polska
Hamburger Schule,musical movement; music genre,,indie rock
Hamd,Arabic word that exclusively praises God,,Islamic music
Han folk music,music genre,,Chinese traditional music
Han music,music genre,,music of China
Hanukkah music,music and songs written to accompany or sung during Hanukkah,,holiday music
Hapa haole music,genre of Hawaiian music,,music of Hawaii
Hardcore Continuum,music genre and movement,,electronic dance music
Hari Raya music,"popular Malay holiday themed music, mainly associated with Aidilfitri (Eid al-Fitr) and Aidiladha (Eid al-Adha)",,holiday music
Harlem Renaissance music,music genre or scene,,African-American music
Harmonie,small wind ensemble used in 18th century,,instrumental music
Haryanvi music,music genre,,music of India
Hasidic music,Musical style,,Jewish music
Hausa music,"traditional and contemporary musical practices of the Hausa people of the central Sahel, especially in northern Nigeria and southern Niger",,music of West Africa
Hawaiian pop,music genre and scene,,pop music
Hawfi,music genre,1450,
Hawzi,Algerian popular music genre,,
Hazara folk music,music genre,,music of Afghanistan
Hebrew cantillation,Jewish practice of melodically reciting holy texts; cantilenas are based on Teamim,,Jewish religious music
Hebrew music,music genre,,Jewish music
Hela Khayal Dangal,"Folk theatre from Rajasthan, India",,folk theatre
Hellenic black metal,music genre or scene,,black metal
HexD,electronic music genre,2016,electronic music
Hi-NRG,genre of uptempo disco or electronic dance music,1978,electro-disco
Himene tarava,music genre,,polyphony
Hindi dance music,music genre,,Bollywood film music
Hindi music,music genre,,music
Hindu music,music genre,,religious music
Hindustani classical music,art music of northern regions of the Indian subcontinent,,Indian classical music
Hindustani instrumental music,music genre,,instrumental music
Hindustani vocal music,music genre,,vocal music
Hindutva pop,music genre,,Indian pop
Hiragasy,"performing art composed of song, dance and speech, originating in the central highlands of Madagascar",,Malagasy folk music
Hiranaam,Form of Sattriya music,,Hindu music
Hispanic American folk music,music genre,,traditional folk music
Hispanic American music,music of Hispanic Americans,,music of Latin America
Hispanic music,"music of Hispanic people, cultures, or countries, or sung on Spanish language",,Latin music
Hiérodrame,music genre,,religious music
Hmong folk music,music genre,,Hmong music
Hmong music,music genre,,music of Southeast Asia
Hmong pop,music genre or scene,,pop music
Hoboken sound,music genre or scene,,indie rock
Hoho,"song type from Nias, North Sumatra, Indonesia",,traditional folk song
Hokkien pop,popular music genre sung in Taiwanese Hokkien and produced mainly in Taiwan,1930,C-pop
Homony singing,music genre,,Znamenny chant
Hong Kong English pop,English-language songs performed in Hong Kong,,pop music
Hong Kong cantopop,music genre or scene,,cantopop
Hong Kong hip hop,music genre or scene of Hong Kong,1990,Chinese hip hop
Honkyoku,music genre,,Buddhist music
Hori,semi-classical singing genre from India,,
Horovel,Armenian folk song genre,,Armenian folk music
Houston hip-hop,music genre or scene,,American hip-hop
Houston sound,hip hop music genre,,American hip-hop
Hua'er,music genre,,
Hungarian folk music,type of Central European folk music,,music of Hungary
Hungarian folk song,music genre,,Hungarian folk music
Hungarian hip hop,music genre or scene,,music of Hungary
Hungarian metal,heavy metal music scene of Hungary,,music of Hungary
Hungarian national rock,Hungarian music genre,,rock music
Hungarian pop,music genre or scene,,music of Hungary
Hungarian rock,Hungarian appreciation of and contributions to the rock music genre,,rock music
Hungarian string band music,Hungarian folk music,,Hungarian folk music
Hutsul folk music,music genre,,Ukrainian folk music
I-pop,subgenre of Indonesian pop music,,pop music
Iavnana,genre of Georgian folk song,,therapy music
Icelandic folk music,music genre,,music of Iceland
Icelandic hip hop,music genre or scene,,music of Iceland
Icelandic rock music,music genre or scene,,rock music
Ichichubushi,music genre,,
Igba akunechenyi,cultural music in the Igbo-speaking area of Nigeria that gets its name from the great akunechenyi masquerade displayed during ceremonial festivals,,Igbo music
Igba ijele,It is a cultural music in the Igbo speaking area of Nigeria that gets its name from the great Ijele masquerade displayed during ceremonial festivals,,Igbo music
Igbo Christian music,christian music renderend in igbo tradition,,Igbo music
Igbo highlife,regional subgenre of highlife,,Igbo music
Igbo music,music genre,,music of West Africa
Igbo rap,Nigerian music genre,1998,Igbo music
Igorot music,music genre,,music of the Philippines
Ikinimba,music genre,,
Ikwokirikwo,high-tempo style of Igbo highlife music influenced by Ogene,,Igbo highlife
Ilocano music,music genre,,music of the Philippines
Imaginary folk music,music genre,,jazz
Imene metua,music genre,,
Imsil Pilbong nongak,"Korean folk music (pungmul-nori) from Pilbong-ri, Gangjin-myeon, Imsil-gun, North Jeolla province",,Korean folk music
In Nomine,music genre,1550,composed musical work
Inca music,music genre,,Andean music
Indian blues,music genre or scene,,blues
Indian classical music,ancient music and music theories from the Indian subcontinent,,art music
Indian devotional music,music genre,,music of India
Indian film music,music produced for India's mainstream motion picture industry,,music of India
Indian folk music,music genre,,music of India
Indian hip hop,music genre and scene,,music of India
Indian jazz,music genre or scene,,jazz
Indian pop,pop music produced in India independent from film soundtracks,,pop music
Indian rock,music genre combining Indian music and rock music,1965,rock music
Indo jazz,music genre of jazz with Indian influences,,jazz
Indo pop,Indonesian pop music style,,pop music
Indo-Caribbean music,music genre,,music of the Caribbean
Indonesian folk music,music genre,,music of Indonesia
Indonesian hip hop,Indonesian musical style,,music of Indonesia
Indonesian religious music,music genre,,religious music
Indonesian rock,Indonesian musical style,,rock music
Indorock,music genre,1957,rock and roll
Innu folk music,music genre,,folk music
Internet rap,music genre,,hip-hop
Inuit drum dancing and singing,genre of song and dance performed by the Inuit people,,dance
Inuit music,music genre,,indigenous music of North America
Inuit throat singing,form of musical performance uniquely found among the Inuit,,throat singing
Ionian Islands folk music,music genre,,music of the Ionian Islands
Iranian alternative rock,music genre or scene,,alternative rock
Iranian choral music,music genre,,choral music
Iranian folk music,folk music transmitted through generations among the people of Iran,,music of Iran
Iranian hip hop,music genre or scene,,music of Iran
Iranian jazz,music genre and scene,,jazz
Iranian pop,music genre or scene,,Arabic pop
Iranian religious music,music genre,,music of Iran
Iranian rock,music genre or scene,,rock music
Iranian symphonic music,music genre,,music of Iran
Iraqi folk music,music genre,,music of Iraq
Iraqi hip hop,music genre and scene,,Middle Eastern hip hop
Iraqi maqam,genre of Arabic maqam music,,Arabic classical music
Iraqi pop,music genre or scene,,music of Iraq
Iraqi tarab,music genre,,music of Iraq
Irish ballad,music style; type of traditional folk song in Ireland,,Irish folk music
Irish fiddle,music style,,
Irish folk music,genre of folk music that developed in Ireland,,music of Ireland
Irish hip hop,music genre or scene,,music of Ireland
Irish rap,music genre or scene,,rapping
Irish rebel song,music genre,,Irish folk music
Irish rock,Irish appreciation of and contributions to the rock music genre,,rock music
Irish showband,music genre,,pop music
Iroquois music,music genre,,indigenous American music
Isa,music genre and type of dance,,folk dance
Islamic music,musical traditions of the Muslim world,,religious music
Israeli classical music,the history of the classical music in Israel,,classical music
Israeli folk music,music genre,,music of Israel
Israeli funk,music genre,,funk
Israeli hip hop,music genre or scene,,music of Israel
Israeli jazz,music genre or scene,,music of Israel
Israeli metal,music genre and scene,,music of Israel
Israeli pop,pop music of Israel,,music of Israel
Israeli punk,music genre or scene,,music of Israel
Israeli rock,rock music by Israeli bands and singers,,music of Israel
Istrian folk music,music genre,,music of Croatia
Italian beat,music genre or scene,,beat music
Italian blues,music genre or scene,,blues
Italian classical music,music genre,,classical music
Italian folk music,music genre,,music of Italy
Italian folk rock,music genre or scene,,folk rock
Italian hardcore punk,Italian hardcore punk music,,hardcore punk
Italian hip-hop,music genre,1987,European hip-hop
Italian jazz,music genre or scene,,jazz
Italian neo-progressive,music genre or scene,,neo-prog
Italian new wave,music genre or scene,,new wave
Italian occult psychedelia,music genre,,neo-psychedelia
Italian overture,music genre,,overture
Italian progressive rock,music genre or scene,1970,progressive rock
Italian punk rock,Italian punk rock musical scene,,punk rock
Italian resistance song,song associated with the Italian resistance movement,,protest song
Italian rock music,music genre or scene,,rock music
Italo dance,music genre,1988,Eurodance
Italo disco,genre of music,1978,music of Italy
Italo house,form of house music originating in Italy,1988,house music
Italo pop,music genre,,pop music
Ivorian hip hop,music genre or scene,,African hip-hop
Izlan,music genre,,Berber music
Iê-iê-iê,Brazilian music genre; 1960s Brazilian pop/rock,,
J-core,Japanese hardcore techno subgenre,,hardcore
J-euro,music genre,,J-pop
J-pop,Japanese popular music genre,1988,A-pop
Jai Radha Madhab,Hindu song,,Hindu music
Jaipongan,Indonesian traditional dance of sundanese people,,Indonesian dance
Jalaíto,music genre,1959,
Jamaican ska,music genre,1960,ska
Jamaquello,music genre,1920,
James Bay fiddling,music genre,,indigenous music of North America
Japanese artcore,Japanese EDM music genre,2003,electronic dance music
Japanese classical music,music genre,,traditional Japanese music
Japanese flamenco,history of flamenco in Japan,,flamenco
Japanese folk music,music genre,,music of Japan
Japanese hardcore,subgenre of hardcore punk,,hardcore punk
Japanese hip-hop,music genre or scene,1985,music of Japan
Japanese idol music,music genre,,music of Japan
Japanese jazz,music genre or scene,1920,jazz
Japanese metal,metal music from Japan,,music of Japan
Japanese punk rock,music genre or scene,,punk rock
Japanese reggae,reggae music originating from Japan,,reggae
Japanese rock,music genre,1965,alternative rock
Japanese ska,music genre or scene,,music of Japan
Japanoise,noise music scene of Japan,,music of Japan
Jarabe,traditional mariachi song form,,
Jarana Yucateca,music genre and type of dance,,Mexican folk dance
Jaranan Buto,music genre and type of dance,,kuda kepang
Jaranan dangdut,music genre,,dangdut
Jarapazan,music genre,,Kazakh folk music
Jari gan,music genre,,music of Bangladesh
Java-pop,music genre in Javanese language,1974,pop music
Javanese gamelan,broad classification grouping together various Gamelan music genres native to Javanese culture,,gamelan
Jersey Shore sound,music genre or scene,,American rock
Jersey club,"genre of music from Newark, New Jersey",2002,East Coast club
Jersey club rap,music genre,,hip-hop
Jersey drill,music genre,2021,drill
Jesus music,style of Christian music originated from the Jesus Movement,1968,contemporary Christian music
Jewish hip hop,music genre or scene,,hip-hop
Jewish holiday music,music genre,,Jewish music
Jewish liturgical music,music genre,,liturgical music
Jewish music,music and melodies of the Jewish people,,ethnic music
Jewish religious music,music genre,,religious music
Jewish rock,music genre; form of contemporary Jewish religious music,,rock music
Jewish secular music,music genre,,Jewish music
Jewish western art music,music genre,,Jewish music
Jhumar,music genre and type of dance,,bhangra
Jhumur song,folk music of East India,,traditional folk song
Jiangnan sizhu,music genre,,Chinese traditional music
Jibaro,Puerto Rican music genre,,Caribbean folk music
Jibonmukhi gaan,Bengali song genre,,song
Jikey,music genre and type of dance,,musical theater
Jing ping,music genre,,
Jit,music genre,,music of Southern Africa
Joktau,music genre,,Kazakh folk music
Joropo andino,Venezuelan joropo from the Andes,,traditional folk music
Joropo coloniero,traditional joropo from Colonia Tovar,,joropo
Joropo guayanés,joropo from the Guayana region,,traditional folk music
Joropo oriental,eastern Venezuelan joropo,,joropo
Joropo tuyero,"musical genre of the states of Aragua and Miranda, in Venezuela",,traditional folk music
Jota Aragonese,"popular Aragonese music, singing and dancing",,jota
Jota asturiana,music genre and type of dance,,folk dance
Jota extremeña,music genre and type of dance,,folk dance
Jota gallega,music genre and type of dance,,folk dance
Jota in Catalonia,music genre and type of dance,,folk dance
Jota leonesa,music genre and type of dance,,folk dance
Jota manchega,music genre and type of dance,,folk dance
Jota montañesa,music genre and type of dance,,folk dance
Jota murciana,music genre and type of dance,,folk dance
Jota riojana,music genre and type of dance,,folk dance
Jota valenciana,music genre and type of dance,,folk dance
Jotas del Ebro,music genre and type of dance,,jota
Jtek,music genre or scene,,techno
Jubatu,music genre,,Kazakh folk music
Juga,music genre,,
Jugni,music genre,,
Jungle-style,"musical style, jazz style developed by Duke Ellington",,jazz
Jwé,music genre,,
Jyoti Sangeet,songs composed by Jyoti Prasad Agarwala,,
Jácara,Spanish songs which are accompanied with instruments and are performed during the entr'acte of a theatrical performance and also as an accompaniment to many types of dance,,
Jùjú music,genre of Nigerian popular music,,Yoruba music
K-pop,popular music originating in South Korea,1990,music of South Korea
Kabarett,satirical revue,,political satire
Kabye folk music,music genre,,music of West Africa
Kabyle music,music genre,,Berber music
Kadongo kamu,Ugandan music genre,,music of Uganda
Kafi,Classic form of Sufi Poetry & Sufi Music,,Sufi music
Kagura,a specific type of Shinto theatrical dance,,sacred dance
Kajari,genre of Bhojpuri folk music,,Bhojpuri folk music
Kakula,"traditional music of Central Sulawesi, Indonesia",,Indonesian folk music
Kalbelia,"tribe from Rajasthan, India",,Indian folk dance
Kalmyk folk music,music genre,,traditional folk music
Kalmyk music,music genre,,music of Kalmykia
Kaluyo vallegrandino,dance in Bolivia,,Andean music
Kamarinskaya,classical dance music form,,classical music
Kamigata uta,music genre,,early modern Japanese music
Kanhaiya Geet,"Kanhaiya Geet is a group song in the east Rajasthan belt of rural people, especially by meena community, play with the help of ghera-noubat (घेरा-नौबत). These traditional practices increase fraternity, brotherhood, cooperation between villages",,Rajasthani folk music
Kanikapila,music genre,,music of Hawaii
Kannada folk music,music genre,,South Asian folk music
Kannada music,music genre,,music of India
Kansas City blues,subgenre of blues music,,blues
Kansas City jazz,music genre or scene,1920,jazz
Kanshū,music genre,,Japanese folk song
Kantu,music genre and type of dance,1000,Andean music
Kapa haka,Māori performing art,,folk dance
Kapanirong,music genre,,
Kar,music genre,,vocal music
Karachay-Balkar music,music genre,,music of Russia
Karaimian music,music genre,,Turkic music
Karakalpak music,music genre,,music of Central Asia
Karelian folk music,traditional music of Karelian people,,music of Finland
Karlin tunes,Jewish Hasidic songs of Karlin Hasidism,,nigun
Kashubian folk music,music genre,,Polish folk music
Kasékò,"musical genre from French Guiana, also the drums and the dance",,music of French Guiana
Katuli,music genre,,
Kavigan,Bengali folk song,,
Kavishari,music genre,,Punjabi folk music
Kawachi Ondo,"a type of ondo (music), a traditional Japanese dance song.",,traditional Japanese music
Kazakh estrada music,music genre,,music of Kazakhstan
Kazakh folk music,music genre,,music of Kazakhstan
Kazakh hip hop,music genre or scene,,music of Kazakhstan
Kazakh historical song,music genre,,Kazakh folk music
Kazakh pop,musical genre in Kazakhstan,1970,pop music
Kecak,modern form of Balinese dance-drama and its associated musical style,,Balinese dance
Kef music,music genre,,Armenian folk music
Kengë malsorqe,Albanian monophonic male singing or chanting,,singing
Kenyan hip hop,music genre or scene,1990,African hip-hop
Kertok,Indonesian musical ensemble originating from Java island,,
Khakas folk music,music genre,,music of Khakassia
Khaliji,Saudi music genre,,Arabic music
Kham Muang folk song,music genre,,traditional folk song
Khmer dance music,music genre,,Khmer music
Khmer folk music,music genre,,Southeast Asian folk music
Khmer music,music genre,,music of Cambodia
Khoisan folk music,music genre,,Southern African folk music
Khyal,modern genre of classical singing in the Indian subcontinent,,Hindustani classical music
Kiarou,music genre and type of dance,,
Kidodo,betsileo's dance,,dance
Kievan chant,liturgical chant,,chant
Kilalaky dadamosy,music genre,,Malagasy folk music
Kilam,Poetry and music genre of Dengbêj,,
Kilippattu,music genre,,
Kindercantate,type of cantata written for children,,cantata
Kindie rock,style of children's music,,rock music
Kintueni,traditional yombe music (DRC),,music of the Democratic Republic of the Congo
Kintung music,music genre,,Indonesian folk music
Kiowa music,music genre,,indigenous music of North America
Kirana gharana,style of Indian classical vocal music,,vocal music
Klasik,Afghan music genre,,music of Afghanistan
Klepht song,music genre,,dimotiko
Kliningan,Sundanese musical genre,,Jaipongan
Kokoman,music genre and type of dance,,
Kolomyjka,music genre and type of dance,,Ukrainian folk dance
Komi folk music,music genre,,Volga-Ural folk music
Konkani liturgical music,music genre,,church music
Kont,"kind of Saint Lucian folk song, performed as part of the funereal ceremony by mourners outside the deceased's house; form of traditional storytelling of Dominica",,music of Saint Lucia
Kontakion,music genre,,Christian hymn
Kontradans,creolized dance music,,music of Haiti
Kor,Form of music in Asia,,
Korean ballad,music genre,,pop music
Korean court music,music developed in the Joseon dynasty (1392–1910),900,Korean traditional music
Korean folk music,music genre,,music of Korea
Korean folk song,music genre,,traditional folk song
Korean folk-pop,music genre,,music of Korea
Korean hip-hop,music genre or scene,1990,Asian hip-hop
Korean indie,independent music from South Korea,,independent music
Korean rock,Korean musical genre,,rock music
Korean traditional instrumental music,music genre,,instrumental music
Korean traditional music,music genre,,music of Korea
Kosmische Musik,music genre,,electronic rock
Kosovan folk music,music genre,,music of Kosovo
Kpanlogo,music genre and type of dance,1963,
Krautrock,genre of music that originated in Germany in the late 1960s,1967,experimental rock
Krishnacore,hardcore punk subgenre,,straight edge
Kru music,music genre,,music of West Africa
Księżak folk music,traditional folk music of the Księżacy ethnographic group from the Łowicz region in Poland,,traditional folk music
Ktsord,Music genre,,music of Armenia
Kui,musical form,,Kazakh folk music
Kuku,the title of a traditional piece of music from the West African nations,,music of West Africa
Kume-uta,music genre,,
Kumina,Afro-Jamaican religion,,music of Jamaica
Kupala song,song genre,,Slavic rite song
Kurafu kei,subgenre of visual kei,,visual kei
Kurdish folk music,music genre,,Kurdish music
Kurdish music,music genre,,music of Kurdistan
Kurpian folk music,music genre,,Polish folk music
Kushtdepdi,"old, fast Turkmen dance, as well as music to it",,
Kwakwaka'wakw music,music genre,,
Kyoto kei music,music genre or scene,,
Kyrgyz music,music of Kyrgyz people,,music of Kyrgyzstan
Kölschrock,sub-genre of rock from the German city Cologne,1978,rock music
L.A. punk,music genre or scene,,punk rock
LA hard house,music genre,1996,Chicago hard house
LGBT hip hop,attitudes towards homosexuality in hip hop culture,1998,hip-hop
LGBT music,Grouping of musical genres that focus on the experiences of gender and sexual minorities,,
Lab polyphony,music genre,,Albanian iso-polyphony
Ladino folksong,music genre,,traditional folk music
Ladishah,musical style and genre,,
Laietana music,musical movement and style from Catalonia,1970,Catalan popular folk music
Laku,Surinamese dance and music style,,dance
Lamentations of Jeremiah the Prophet,musical setting for The Lamentations of Jeremiah the Prophet,,liturgy
Landfill indie,music genre or scene,,indie rock
Lao folk music,music genre,,Lao music
Lao music,music genre,,music of Southeast Asia
Lao pop,music genre or scene of Laos,,pop music
Lapar,genre of musical folklore,,traditional folk music
Late Baroque,music genre,,Baroque music
Latin American classical music,music genre,,classical music
Latin American fusion,music genre,,world fusion
Latin American progressive rock,music genre or scene,,progressive rock
Latin Christian music,music genre,,contemporary Christian music
Latin R&B,music genre originated in Latin America,,contemporary R&B
Latin alternative,Alternative music fused with Latin music,1958,alternative music
Latin ballad,music genre,1962,Latin pop
Latin dance music,music genre,,dance music
Latin disco,music genre,,disco
Latin electronic music,music genre,1989,electronic music
Latin freestyle,form of freestyle music distinguished by a heavy influence of Hispanic American music,1983,freestyle music
Latin funk,music genre,,funk
Latin hip-hop,recorded by Latin American rappers,1990,hip-hop
Latin house,subgenre of house music,1987,house music
Latin jazz,genre of jazz with Latin American rhythms,1943,jazz
Latin metal,music genre,1978,metal music
Latin music,"musical styles originating from Ibero-America, Spain, Portugal, and the Latino United States, as well as music sung in Spanish or Portuguese",,music
Latin pop,upbeat Latin music mixed with American pop music,1970,pop music
Latin rock,term to describe a music subgenre consisting in melting traditional sounds and elements of Latin American and Caribbean folk with rock music,1957,rock music
Latin soul,music genre,1961,soul
Latin tech,subgenre of tech house,,tech house
Latin trap,subgenre of Latin hip-hop music,2010,Latin hip-hop
Latvian folk music,music genre,,music of Latvia
Latvian hip hop,music genre or scene,,European hip-hop
Latvian rock,music genre or scene,,rock music
Lebanese hip hop,music genre or scene,,music of Lebanon
Leeds hip-hop,music genre or scene,,UK rap
Leise,genre of medieval church songs,,medieval music
Lekompo,South African music genre,,
Leningrad rock,music genre or scene,,Russian rock
Levant electronic music,music genre or scene,,electronic music
Levant hip-hop,music genre or scene,,Middle Eastern hip hop
Levant indie music,music genre or scene,,independent music
Levant music,"music from the Levant region, grouping Lebanon, Syria, Palestine and Jordan traditions",,Arabic music
Levant pop,music genre or scene,,Arabic pop
Levantine Arabic music,music genre,,Arabic music
Levenslied,music genre,1908,song
Levenspop,music genre,,pop music
Lewoz,music genre,,
Leçons de ténèbres,French Baroque music genre,,liturgical music
Libyan mawwal,music genre,,mawwal
Lied,classical art song in the German tradition,1810,art song
Liedermacher,music genre,,music of Germany
Liederspiel,music genre,,
Lining out,form of hymn-singing,,religious vocal music
Lisbon fado,music genre,,fado
Lisu music,music genre,,hill tribe music
Lithuanian folk music,music genre,,music of Lithuania
Lithuanian rock,Lithuanian appreciation of and contribution to the rock music genre,,rock music
Liverpool sound,"Japanese term grouping Mersey beat, beat music, British beat genres",,pop rock
Livonian folk music,music genre,,Balto-Finnic folk music
Llamerada,music genre and type of dance,,folk dance
Long song,music genre; central element of the traditional music of Mongolia,,traditional folk song
Louisiana blues,genre of blues music that developed in the period after World War II in the state of Louisiana,1955,blues
Louisville sound,1980s indie punk music genre or scene,,Amerindie
Lovara song,"oral tradition in Burgenland, inscribed in the Unesco ICH Austrian inventory in 2011",,Romani music
Lu,"Tibetan style of folk music; a cappella songs, which are distinctively high in pitch with glottal vibrations",,
Lubbock sound,"subgenre of country music native to Lubbock, Texas, USA",,country music
Luri folk music,music genre,,Luri music
Luri music,music genre,,music of the Middle East
Lusophone music,music in Portuguese and Portuguese-based creoles,,Latin music
Lutheran chorale,musical setting of a Lutheran hymn,,Protestant hymn
Lutheran hymn,Christian hymn used in Lutheran services,,Christian hymn
Luxembourgish folk music,music genre,,music of Luxembourg
M-Base,music genre or scene,1985,free jazz
MAD Movie music,music genre,,plunderphonics
MIDI music,music genre,,bit music
Macedonian folk music,music genre,,music of North Macedonia
Macedonian hip hop,music genre or scene,,music of North Macedonia
Maddahi,music genre,,Islamic music
Madhyalaya,music genre,,
Madih nabawi,religious genre of Arabic music,,Arabic music
Madrigale spirituale,song,,madrigal
Maggio drammatico,music genre,,
Maghreb electronic music,music genre or scene,,electronic music
Maghreb hip hop,music genre or scene,,Arabic hip-hop
Maghreb indie music,music genre or scene,,independent music
Maghreb jazz,music genre or scene,,jazz
Maghreb music,music genre,,music of North Africa
Maghreb pop,music genre or scene,,Arabic pop
Maghreb rai,music genre or scene,,raï
Mahāgīta,music genre,,music of Myanmar
Maithili music,music genre,,music of India
Makwaya,music genre,,
Malagasy folk music,music genre,,music of Madagascar
Malawian hip hop,music genre and scene,,African hip-hop
Malay classical music,music genre,,Malay music
Malay folk music,music genre,,Malay music
Malay gamelan,style of gamelan music,,gamelan
Malay music,music genre,,music of Southeast Asia
Malayalam music,music genre,,music of India
Malayali folk music,music genre,,music of Kerala
Malaysian contemporary music,music genre or scene,,
Malaysian hip hop,music genre or scene,,Asian hip-hop
Malaysian popular music,"popular music forms in Malaysia, grouping pop, rock, electronic, hip hop, R&B, folk developments",,popular music
Malaysian rock,rock music scene in Malaysia,,rock music
Malipenga,African dance music of the Tonga people of Malawi,,
Manchu music,music genre,,music of East Asia
Mande music,"a courtly and communal music of the Mande people (including Mandinka, Maninka/Malinke, and Bambara) whose heartland lies in present‑day Mali and extends across Guinea, Senegal, The Gambia, and Côte d’Ivoire",,music of West Africa
Mandingo music,music genre,,music of West Africa
Mando,music genre,,
Maneo,"type of folk dance from Galicia, Spain",,jota
Mangala music,music genre,,music of Tamil Nadu
Manila sound,"musical genre in the Philippines that began in the mid-1970s in Manila, flourished and peaked in the mid to late 1970s",1975,pop rock
Manx folk music,music genre,,music of the Isle of Man
Mappila song,folklore Muslim song genre,,Islamic music
Mapuche folk music,music genre,,music of Latin America
Marabaixo,"musical genre, dance and cultural manifestation of Amapá of African origin",,
Maraca,indigenous dance and music style in Suriname,,dance
Marathi folk music,music genre,,Indian folk music
Marathi music,music genre,,music of India
Mari folk music,music genre,,Mari music
Mari music,music genre,,music of Russia
Marian antiphon,antiphons focused on the Virgin Mary,,antiphon
Marimbalax,music genre,1990,
Maronite music,music genre,,religious music
Maroon music,music genre,,
Marrabenta rap,music genre,,African hip-hop
Mass song,Bengali musical genre,,music of Bengal
Mata-kantiga,music genre,,Malay music
Matrouz,music genre,,
Mauritian hip hop,music genre or scene,,African hip-hop
Maya music,music of the ancient Mayan courts,,ancient music
Mbenga-Mbuti music,music genre,,Pygmy music
Mbira music,music genre,,Southern African folk music
Mdundiko,dance of the Zaramo people,,
Mecapaqueña,dance in Bolivia,,Andean music
Meddaha,type of musical group,,
Medieval contemporary music,music genre,,medieval music
Meistersang,continuation of medieval minnesong and proverb poetry by guild craftsmen in the larger cities of the late Middle Ages,,
Melbourne bounce,subgenre of electro house,2011,electro house
Memphis blues,music style,,country blues
Memphis rap,"genre of hip-hop that originated from Memphis, Tennessee, USA",1980,American hip-hop
Memphis soul,music genre,,soul
Mentai rock,rock scene and rock movement that emerged mainly in Fukuoka City from the 1970s to the 1980s,,rock music
Meriyasu,Japanese style of music,,music of Japan
Merseybeat,music genre,1962,beat music
Mesoamerican music,music genre,,indigenous American music
Messinian chant,music genre,,chant
Metal Mass,music genre,,mass
Mexican American music,musical traditions of Mexican Americans,,music of Latin America
Mexican brass band,type of brass band in Mexico,,music of Mexico
Mexican country,music genre or scene,,country music
Mexican cumbia,musical subgenre,,cumbia
Mexican folk music,music genre,,regional Mexican
Mexican hip-hop,music genre and scene,,Latin hip-hop
Mexican jazz,music genre or scene,,jazz
Mexican marimba music,music genre or scene,,music of Mexico
Mexican pop,music genre or scene in Mexico,,pop music
Mexican progressive rock,music genre or scene,,progressive rock
Mexican rock music,Mexican appreciation of and contributions to the rock music genre,,rock music
Međimurska popevka,folk song in Croatia,,traditional folk song
Mgqashiyo,South African music style,,
Miami bass,"subgenre of hip-hop from South Florida in the 1980s and 1990s, characterized by the Roland TR-808 sustained kick drum, raised dance tempos, and sexually explicit lyrics",1985,hip-hop
Michigan rap,Subgenre of rap music,,music of Michigan
Middle Eastern hip hop,music genre,,hip-hop
Midwest emo,subgenre of emo,,emo
Midwest hip-hop,subgenre of hip-hop,1992,American hip-hop
Milanese song,music genre,,song
Milonga-candombe,music genre,,
Milwaukee hip hop,music scene,,American hip-hop
Minangkabau music,music tradition,,music of Indonesia
Mingaku,Japanese traditional music based on Ming-era Chinese music,,music of Japan
Mini-jazz,a reduced méringue-compas band format,,konpa
Minneapolis sound,"subgenre of funk rock with elements of synth-pop and new wave, pioneered by Prince in the late 1970s",1978,funk rock
Minnelied,type of love song from the German Minnesang tradition,,love song
Minnesang,tradition of lyric- and song-writing in Germany that flourished in the Middle High German period; type of love song,,lyric poetry
Minshingaku,Japanese traditional music based on Ming and Xing-era Chinese music,,
Mirabi,music genre,,music of South Africa
Miroloi,music genre,,dirge
Mirror fugue,music genre,1680,fugue
Mixed music,music combining acoustic instruments and fixed-media electronics,,contemporary classical music
Miyako folk music,music genre,,Ryukyuan music
Mizo music,music genre,,music of India
Mizrahi Rock music,Music genre,,rock music
Mizrahi music,music genre in Israel,,music of the Middle East
Moldovan folk music,music genre,,European folk music
Mongolian folk music,music genre,,music of Mongolia
Mongolian hip hop,music genre or scene,,Asian hip-hop
Mongolian pop,music genre or scene,,pop music
Mongolian throat singing,music genre,,Central Asian throat singing
Montenegrin folk music,music genre,,Balkan folk music
Montenegrin hip hop,music genre and scene,,music of Montenegro
Montuno,music genre,,
Moorish music,music genre,,music of North Africa
Moravian Church music,music genre,,church music
Moravian folk music,music from the Moravian region of Czechia,,music of Moravia
Mordovian music,music of Mordvin people,,music of Russia
Mordvin folk music,music genre,,Mordovian music
Moresche,renaissance music genre,,villanella
Mormon folk music,music genre,,traditional folk music
Mormon music,music genre,,religious music
Moroccan chaabi,music genre in Morocco,,chaabi
Moroccan hip-hop,music genre or scene,,African hip-hop
Moroccan pop,music genre or scene in Morocco,2005,pop music
Morris music,instrumental music played for English Morris dancing,,English folk music
Mossi music,music genre,,music of Burkina Faso
Motown,genre of music,,pop soul
Mozambique,"style of vigorous music, developed by Pello el Afrokan (Pedro Izquierdo) in Cuba in 1963, and subsequently adapted by Eddie Palmieri in New York in the 1960s in a quite different form",,music of Cuba
Mozarabic chant,"liturgical plainchant repertory of the Visigothic/Mozarabic rite of the Catholic Church,",550,plainsong
Muisca music,Muiscas,,music of Colombia
Munich sound,music genre,,disco
Music in the Elizabethan era,period in the musical history of the Kingdom of England,,
Muwashshah,music genre,,Arabic music
Myanmar song,music genre,,
Métis fiddle,Style of fiddle playing of the Métis people,,Canadian folk music
Métis music,music genre,,indigenous music of North America
Māori music,music genre,,music of Polynesia
Māori showband,music genre,,pop music
NOLA sludge,music genre or scene,,music of New Orleans
NS-rap,music genre,,hip-hop
Na mele paleoleo,music genre,,hip-hop
Naamyam,Chinese folk music,,Chinese traditional music
Naattupurapaattu,music genre,,traditional folk song
Nagoya kei,music genre,,visual kei
Nahua music,music genre,,Mesoamerican music
Nakyangchun,Goryeo court music,,Korean court music
Nanbu Ushiouta,music genre,,min'yō
Nangma,music genre,,
Nanjing baiju,type of folk singing,,
Nashville sound,subgenre of country music,1957,country music
National Socialist black metal,genre of black metal promoting Nazism or related ideologies,1992,black metal
Native American hip hop,music genre or scene,2000,hip-hop
Native American new age music,music genre,,new age music
Natya Sangeet,music genre,,
Navajo music,traditional and contemporary music of the Navajo people,,indigenous music of North America
Navarese jota,music genre and type of dance,,folk dance
Nazrul Geeti,songs composed by Nazrul Islam,,music of Bengal
Ndombolo,music genre and type of dance,,music of Central Africa
Nederbeat,"Dutch musical genre, movement",1963,beat music
Nederpop,music genre or scene,1963,pop music
Neo GS,music genre,,music of Japan
Neo-Balkan music,music genre,,
Neo-Canterbury,music genre or scene,,Canterbury scene
Nepalese hip hop,form of dance and music in Nepal,,Asian hip-hop
Nepalese rock,rock music of Nepal,,rock music
Neue Deutsche Härte,subgenre of rock music,1990,alternative metal
Neue Deutsche Todeskunst,musical genre that developed in Germany in the late 1980s,,music of Germany
Neue Deutsche Welle,genre of German music originally derived from punk rock and new wave music,1976,punk rock
Neue Musik,"collective term for a vast number of different currents of composed, Central European influenced music from about 1910 to the present",,classical music
Neue Volksmusik,music genre,,music of Germany
Neues Geistliches Lied,"music genre of songs in German intended for church usage, and based on contemporary lyrics and with music by contemporary composers",1962,pop music
New Big Band,music genre,,big band music
New Complexity,music genre,,postmodern music
New Direction,"works and events of Russian sacred music, written mainly from 1895 to 1923",,Russian liturgical music
New German School,German music movement in the second half of the 19th century,,Romantic music
New Jersey sound,1980s variant of house music,1987,garage house
New Mexico music,genre of folk music that originated in New Mexico,1300,Latin music
New Orleans blues,variation of Louisiana blues,,Louisiana blues
New Orleans brass band music,music genre,,music of New Orleans
New Orleans hip-hop,regional style of hip-hop,,music of New Orleans
New Orleans jazz,music genre,,jazz
New Orleans rhythm and blues,music genre,1945,early R&B
New Orleans soul,music genre,1963,soul
New Partisans,1980s Yugoslav music movement,,popular music in Yugoslavia
New Primitivism,"subcultural movement established in Sarajevo, SR Bosnia-Herzegovina, SFR Yugoslavia in March 1983",1983,rock music
New Romantic,1970s British pop culture movement,1979,new wave
New Simplicity,music genre and movement,,20th-century classical music
New Venice School,music genre,,
New Weird America,subgenre of psychedelic folk music of the mid-late 2000s,,music of the United States
New York blues,music genre,,blues
New York death metal,music genre or scene,,death metal
New York drill,music genre or scene,,music of New York City
New York hardcore,"hardcore punk and metalcore music created in New York City, and the subculture associated with that music",1982,hardcore punk
New York jazz,music genre or scene,,jazz
New York punk,punk rock that was born in New York in the 1970s,,punk rock
New York soul,soul music recorded and produced in New York City,,soul
New Yorkshire,music genre,2002,indie rock
New Zealand hip-hop,music genre or scene,,hip-hop
New Zealand jazz,music genre or scene,,jazz
New Zealand reggae,music genre or scene,,reggae
New Zealand rock music,music genre or scene,,rock music
New wave of traditional heavy metal,Mid-2000s musical movement,,traditional heavy metal
Newa folk music,music genre,,Newar music
Newar music,music of the Newar people of Nepal,,music of Nepal
Newfoundland folk music,music genre,,music of Newfoundland and Labrador
Ngoma music,"East-Central African drumming-and-dance tradition whose Bantu/Swahili name denotes simultaneously the drum, music, dance, and social event; encompasses life-cycle ceremonies, healing, and celebrations",,African folk music
Nguni folk music,music genre,,Southern African folk music
Nicaraguan polka,music genre,,
Nigerian gospel,sacred music of Nigeria,,gospel music
Nigerian hip hop,music genre or scene,,African hip-hop
Nigerian reggae,music genre,,reggae
Nigerien hip hop,music genre or scene,,African hip-hop
Nintendocore,music genre,2001,hardcore punk
Nivkh music,music genre,,music of North Asia
Njuup,music genre,,religious music
No-Fi,music genre,1993,lo-fi music
Noha,Shia elegy about the tragedy of battle of Karbala,,Islamic music
Nordeste,music genre,,
Nordic folk music,music genre,,music of the Nordic countries
Nordic folk rock,music genre,,folk rock
Nordic jazz,music genre and scene,,European jazz
Nordic tone,national tone that is perceived by contemporaries and today's recipients in relation to composers and musicians from Northern Europe,1870,
Norsecore,music genre,,black metal
Nortec,electronic music genre from Mexico,1999,electronic dance music
North American folk music,music genre,,traditional folk music
Northern band style,music genre,,rock music
Northern soul,"music and dance movement that emerged, initially in Northern England in the late 1960s",1968,soul
Northern soul (US),American music genre,,soul
Northumbrian folk music,music genre,,English folk music
Northwest Iberian folk music,music genre,,Spanish folk music
Northwest Wind,music genre,,music of China
Northwest hip hop,music genre or scene,,Canadian hip-hop
Norwegian folk music,overview of folk music traditions in Norway,,music of Norway
Norwegian folk tune,music genre,,Norwegian folk music
Norwegian hip hop,music genre or scene,,music of Norway
Norwegian new wave,Norwegian music genre based on new wave,,new wave
Norwegian pop,Norwegian music genre based on pop music,,pop music
Norwegian rock,music genre or scene,,rock music
Norwegian vocal folk music,musical term used to describe Norwegian vocal folk song tradition as a whole,,traditional folk song
Note nere,music genre,,madrigal
Novaya Scena,Ukrainian musical subculture,,music of Ukraine
Noël varié,music genre; type of French Christmas music,,Christmas music
Nu,Name of a music style,,
Nubian music,music genre,,music of Northeast Africa
Nuer music,music genre,,music of Northeast Africa
Nueva ola,music genre,1955,rock and roll
Nusach,Jewish music style,,Jewish music
Nuyorican rap,music genre,,hip-hop
Nyabinghi chanting,type of religious chanting,,chant
O'odham music,music genre,,indigenous music of North America
Ob-Ugric folk music,music genre,,traditional folk music
Occitan chanson,music genre,,
Occitan folk music,genre of popular music that developed in Occitania,,music of Occitania
Occitan traditional song,music genre,,traditional folk song
Oceanic folk music,music genre,,traditional folk music
Ode for St. Cecilia,music genre,,choral music
Odia folk music,music genre,,Indian folk music
Odissi music,ancient classical music of the Indian state of Odisha,200,Indian classical music
Okinawan music,music associated with the Okinawa Islands or Okinawa Prefecture,,Ryukyuan music
Okinawan pop,music genre,,pop music
Old Roman chant,liturgical vocal music of the Roman rite of the Early Christian Church,,music of Italy
Old time fiddle,genre of American folk music,,American folk music
Oltului,"type of Romanian folk song, or Doina, sung near the area of the River Olt",,
Oppari,music genre,,funeral music
Oromo music,music genre,,music of Northeast Africa
Orthodox pop,music genre,,pop music
Ossetian folk music,music genre,,Caucasian folk music
Ossetian music,music genre,,music of Georgia
Ottoman classical music,traditional music of the Ottoman Empire,,music of Turkey
Ovi (music),"form of wedding music predominantly seen among the Hindu and Catholic community in Goa, India",,
Owerri bongo,subgenre of igbo highlife,,Igbo highlife
P-Funk,"repertoire, musical style, and/or group of performers associated with George Clinton",1974,psychedelic funk
Pacific reggae,music genre,1975,reggae
Paisley Underground,music genre,1982,neo-psychedelia
Pakacaping music,music genre,,Austronesian music
Pakistani folk music,music genre,,South Asian folk music
Pakistani hip hop,music genre or scene,,Asian hip-hop
Pakistani popular music,music genre or scene,,popular music
Pakistani rock,music genre or scene,,rock music
Palenquero music,musical tradition from Columbia,,music of Colombia
Palestinian hip-hop,music genre or scene,,Middle Eastern hip hop
Palestinian pop,music genre,,Arabic pop
Palingsound,music style in the Netherlands,,Nederpop
Palm Desert Scene,"music culture in Southern California often described as ""desert rock.""",,stoner rock
Palo de Mayo,music genre and type of dance,,music of the Caribbean
Palo music,music genre,,music of the Dominican Republic
Pambiche,music genre and type of dance,,merengue
Pamiri music,music genre,,music of Badakhshan
Pandero song,music genre,,traditional folk song
Pandilla Punoan,"dance of Puno, Peru",,folk dance
Panting,Banjarese traditional musical genre,,Indonesian folk music
Papare,music genre,,
Papuan folk music,music genre,,music of Papua New Guinea
Paraguayan polka,Folk music,,folk dance
Paraguayan rock,music genre or scene,,rock music
Paranda,music genre,,
Parranda,Puerto Rican winter holiday celebration,,holiday music
Paschen,music genre,,
Pashto folk music,music genre,,South Asian folk music
Pashto music,music of the Pashtun people,,music of Afghanistan
Pasillo ecuatoriano,music genre,,pasillo
Passayang-sayang,music genre or performing arts genre,,music of Indonesia
Patingtung,music genre,,performing arts
Patua Sangeet,ancient folk music of Bengal,,
Pennsylvania Dutch folk music,music genre,,American folk music
Pentecostal music,Brazilian subgenre of Contemporary Christian music,,contemporary Christian music
Persian ritual music,music genre,,music of Iran
Persian traditional music,"music's characteristics developed through the country's classical, medieval, and contemporary eras",,music of Iran
Peruvian cumbia,Peruvian musical style derived from the Colombian cumbia,1968,cumbia
Peruvian folk music,music genre,,music of Peru
Peruvian hip hop,Peruvian cultural movimient,,hip-hop
Peruvian rock,music genre or scene,,rock music
Peruvian waltz,Peruvian musical genre,,waltz
Peyote song,Ceremonial songs performed by Native American Church leaders during a peyote ceremony,,ritual song
Phagua,style of Bhojpuri folk music,,Bhojpuri folk music
Philadelphia hardcore,music genre or scene,,hardcore punk
Philadelphia soul,style of soul music,,soul
Philippine classical music,music genre,,music of the Philippines
Philippine folk music,music genre,,music of the Philippines
Philippine rondalla,music genre,,music of the Philippines
Philly club,music genre,2007,East Coast club
Philly club rap,music genre,,hip-hop
Philosophical song,song genre,,song
Phleng Lae,Thai song genre,,
Phleng phuea chiwit,Thai folk-rock protest music for working-class democracy,1973,folk rock
Pichakaree,music genre,,
Picota,music genre and type of dance,,Mexican folk dance
Piedmont blues,A style of blues music originated in the East Coast of the United States,,country blues
Pinoy Jazz,Music genre in the Philippines,,jazz
Pinoy folk rock,music genre,1977,folk rock
Pinoy hip hop,music genre and scene,,music of the Philippines
Pinoy pop,Philippine popular music genre,,pop music
Pinoy reggae,music genre,,reggae
Pinoy rock,brand of rock music produced in the Philippines or by Filipinos,,rock music
Piphat in twelve languages,music genre,,piphat
Pizmonim,Jewish songs and melodies,,Jewish music
Playground song,music genre,,
Pogi rock,slang term for Filipino rock bands considered good-looking or stylish,,
Polca canaria,music genre,,
Polish Goral music,music genre,,Polish folk music
Polish folk music,music genre,,music of Poland
Polish hip hop,music genre or scene,,music of Poland
Polish jazz,music genre or scene,,jazz
Polish pop,music genre and scene,,music of Poland
Polish reggae,music genre or scene,,reggae
Polish rock music,music genre or scene,,rock music
Polish urban folk music,music genre,,popular folk music
Politrock,German rock music with political lyrics,,rock music
Polo,music genre,,
Polska,Nordic dance and music genre,,folk dance
Polyphonic Era,music genre,,early music
Polyphonic song of Epirus,music genre,,polyphony
Pontic Greek music,music genre,,music of Greece
Pop music in Brazil,Pop music made in or associated with Brazil,,
Porirock,Music by rock musicians from Pori,,rock music
Portuguese folk music,music genre,,music of Portugal
Portuguese rock,music genre or scene,,rock music
Posi music,"Short for ""positive music""",,
Posse mit Gesang,"form of popular German-language music drama, farce",,play
Powada,music genre,,Marathi poetry
Preaching Chords,music genre,,
Prose,music genre,,chant
Prostopinije,music genre,,religious vocal music
Protestant hymn,Christian hymn sung within Protestant denominations,,chorale
Pueblo music,music of the Puebloan peoples,,indigenous music of North America
Puerto Rican hip-hop,music genre and scene,1985,music of Puerto Rico
Pukllay,Peruvian dance,,festival
Pum pin,musical genre from Ayacucho,,
Pungmul as Protest,music genre,,Korean folk music
Punjabi folk music,music genre,,music of Punjab
Punjabi pop,music genre,,Indian pop
Punto,musical genre typical of East Venezuela,,
Punto guanacasteco,dance and musical genre indigenous to Costa Rica,,folk dance
Punto music,music genre and type of dance,,music of Panama
Purple music,Vietnamese music genre,,music of Vietnam
Pygmy music,music genre,,African folk music
Pyonkobushi,music genre,,
Péilú,music genre,,Japanese folk song
Q'axilu,music genre and type of dance,,indigenous American dance
Q-pop,Kazakh electronic pop music,2015,music of Kazakhstan
Qaraami,music genre,,music of Somalia
Qaytarma,form of Crimean Tatar folk dance and folk music,,folk dance
Quaker music,music genre,,religious music
Qudud Halabiya,traditional Syrian song genre,,traditional folk music
Quebec chanson,music genre,,chanson
Quebec fiddle,music genre,,
Quebec hip hop,Canadian hip hop music genre and scene,,Canadian hip-hop
Quebradita,music genre and type of dance,,dance
Quechua music,music genre,,music of Latin America
Quickstep (march music),type of march music,,
Quranic cantillation,music genre,,cantillation
R'n'Besk,music genre,,arabesque
RKT,music style,,reggaeton
Rabindra Sangeet,songs composed by Rabindranath Tagore,,song
Radio Pop,type of pop music,,pop music
Rage aria,operatic aria expressing rage,,aria
Rajasthani folk music,music genre,,music of Rajasthan
Rampak Kendang,music genre,,music of Indonesia
Rampur-Sahaswan gharana,genre in Hindustani classical music,,Hindustani classical music
Rapfrobeat,a genre of music,,
Rawa Sagele,music genre,,traditional folk music
Raï'n'B,music genre,2004,raï
Rebetiko,Greek music genre,1850,Greek folk music
Rebita,music genre and type of dance,,dance
Rechtsrock,music genre,,rock music
Renaissance music,musical period between the 15th and 17th centuries,1400,classical music
Rera,music genre,,Croatian folk music
Retrosound,music genre,,
Rieldans,"South African ancient celebratory dance performed by the San (also known as Bushmen), Nama and Khoi",,folk dance
Riff-rock,music genre,,rock music
Ringa,music genre,,Japanese folk song
Ringbang,music genre,,
Rioplatense music,music genre,,music of South America
RnBass,music genre,2014,contemporary R&B
Rock Against Communism,music genre associated with far-right movements,1977,oi!
Rock identitaire français,music genre,,rock music
Rock in Opposition,music genre; movement representing progressive bands in the late 1970s united in opposition to the music industry,1978,avant-prog
Roma jazz,music genre,,jazz
Roman Catholic Marian music,music genre,,Catholic music
Romani folk music,music genre,,traditional folk music
Romani hip hop,music genre or scene,,hip-hop
Romani music,music of the Romani people,,music of the Balkans
Romanian church music,church music in Romania,,church music
Romanian etno music,music genre,,music of Romania
Romanian folk music,traditional folk music genre of Romania,,music of Romania
Romanian hip hop,music genre or scene,,music of Romania
Romanian muzica populara,modern popular folk music of Romania,,music of Romania
Romanian peasant music,music genre,,Romanian folk music
Romanian rock,music genre or scene,,rock music
Romantic music,music of the Romantic period,,classical music
Romanza,variant of the medieval Spanish musical romance,,medieval music
Romo,1990s music movement,,
Rondellus,music genre,,
Ruba'i,Arabic-Persian poem in fixed form,,poetry
Russ music,music genre or scene,,music of Norway
Russendisko,music genre,,
Russian Orthodox bell ringing,Tradition in the Russian Orthodox church,,peal of bells
Russian ballad,music genre,,music of Russia
Russian chamber song,"genre of Russian chamber vocal music popular in the second half of the 18th and early 19th centuries, a type of urban domestic poetry",,Russian song
Russian chanson,"a term applied to a variety of genres of Russian music: thieves song, urban romance, war, emigrants and some popular songs",,popular music
Russian classical music,genre of classical music,,classical music
Russian estrada music,music genre,,music of Russia
Russian folk music,ethnic music of the Russian people,,Slavic folk music
Russian folk song,song folklore of the Russian people,,Russian song
Russian hip-hop,hip-hop in Russian or by Russian artists,,music of Russia
Russian indie music,music genre or scene,,independent music
Russian jazz,Jazz music in Russia and the Soviet Union,,jazz
Russian liturgical music,music genre,,Russian religious music
Russian music,music of the Russian people (ethnic group),,music of Russia
Russian pop,Russian-language pop music produced either in Russia or other countries,,music of Russia
Russian post-chanson,musical genre that emerged in the 2000s in Russia as a result of the development of the Russian chanson in the 1990s.,,Russian chanson
Russian post-punk,Russian rock and punk subgenre,,post-punk
Russian religious music,music genre,,Christian music
Russian rock,rock music of Russia and Soviet Union,1965,rock music
Russian romance,type of sentimental sung poetry that was developed in Imperial Russia,1900,Russian music
Russian song,"song genre including folk, sacred and urban songs, as well as ballads of the Russian people",,song
Russian urban romance,genre of Russian songs of the end of the XIX — first half of the XX century,,Russian romance
Rusyn folk music,music genre,,Slavic folk music
Rwayes music,"Music genre in Souss region, Morocco",,music of Morocco
Ryukyu classical music,music genre,,Okinawan music
Ryukyuan music,"umbrella term that encompasses diverse musical traditions of the Amami, Okinawa, Miyako and Yaeyama Islands of southwestern Japan, also referring to the musical traditions of the ancient Ryukyu Kingdom",,music of East Asia
Ryūkōka,music genre,,music of Japan
Saami-language music,music in any one of the Saami languages,,music
Sabadell Sound,music genre,,Italo disco
Sabanera music,indigenous music of Savannah region of Colombia,,
Sacred Harp,"tradition of sacred choral music, originating in New England in the 18th century and carried on in the Southern U.S., using tunebooks printed in shape notes",1800,music of the United States
Sacred Steel,gospel musical genre,,black gospel music
Sadra,music genre,,Hindustani classical music
Sahari,"traditional musical culture, instrumental performing arts, ritual music",,music of Armenia
Sahrawi music,the modern and traditional music of the Sahrawi people of Western Sahara and the refugee camps across the border in Algeria,,Berber music
Saint Petersburg school,music genre or scene,,Romantic music
Saint Thomas Christian music,music genre,,Christian music
Sakara music,"Yoruba praise song genre originating in 1930s Lagos, featuring nasalized melismatic vocals influenced by Arabic and East African traditions, accompanied by the goje spike fiddle and the small round sakara drum",1930,
Salegy,music genre and type of dance,1960,music of Madagascar
Saloma,music genre,,
Salvadoran hip hop,music genre or scene,,music of El Salvador
Sama'i,music genre,,
Sambalpuri music,folk music of the Indian state of Odisha,,Indian folk music
Sami music,music within Sami culture,,music of the Nordic countries
Samoan hip-hop,music genre or scene,,hip-hop
Samoyedic folk music,music genre,,traditional folk music
San Diego sound,1990s punk music scene,,American punk rock
San Francisco Sound,music genre or scene,,psychedelic rock
San'a,traditional Arab-Andalusian music of Algiers,,
Sanedo,music genre,,Gujarati folk music
Sangeet Natak,Musical Drama,,
Sangini,Nepali dance form,,Nepalese dance
Sangita,Indian music-related performance arts,,music of India
Santería music,music genre,,music of Cuba
Santo Daime hymns,music genre and type of dance,,dance
Sardinian folk music,music genre,,Italian folk music
Sari gan,Form of folk song in Bengal,,traditional folk music
Sarum chant,liturgical chant of the Sarum Use,,Gregorian chant
Sarva,music genre,,
Sasanian music,music of the Sassanid Empire,,Persian traditional music
Satsuma biwa,music genre,,katarimono
Saudi Arabian hip hop,music genre and scene,,Middle Eastern hip hop
Sawani,music genre from India,,
Scandinavian death metal,music genre or scene,,death metal
Scandinavian metal,music genre or scene,,music of Scandinavia
Scandinavian pop,music genre and scene,,pop music
Schaffel,music genre,2000,techno
Schrammelmusik,music genre,,Wienerlied
Schuhplattler,traditional style of folk dance popular in the Alpine regions of Bavaria and Tyrol,,folk dance
Schweinerock,music genre,,rock music
Schwobarock,variant of rock music with texts in Swabian or in related Alemannic dialects,,rock music
Scots song,music genre,,traditional folk song
Scottish Gaelic punk,genre of Celtic music,1978,punk rock
Scottish country dance music,music genre,,Scottish folk music
Scottish court music,music genre,,classical music
Scottish folk music,genre of traditional music from Scotland,,music of Scotland
Scottish folk revival music,music genre or scene,,folk revival music
Scottish hip-hop,music genre or scene,,UK rap
Scrumpy and Western,music genre,,musical comedy
Seis,type of Puerto Rican Jiabro dance music,,
Sekete,Surinamese dance and music style,,dance
Selichot,type of Piyyut about asking forgiveness from G-d,,piyyut
Seminole music,Indigenous music genre of North America,1750,indigenous music of North America
Senegalese hip hop,music genre or scene,,African hip-hop
Senshuraku,music genre,,Japanese folk song
Sephardi music,music genre,,Jewish music
Sephardic music,umbrella term used to refer to the music of the Sephardic Jewish community,,Jewish music
Sepolcro,music genre,1700,
Serbian folk music,overview of folk music traditions iof the Serbian people,,music of Serbia
Serbian hip-hop,music genre or scene,,music of Serbia
Serbian pop,music genre or scene,,pop music
Serbian pop-folk,music genre,,music of Serbia
Serbian rock,Serbian appreciation of and contributions to the rock music genre,,rock music
Serbian traditional folk music,Wikimedia duplicated page,,
Setsuna-kei,music genre,,music of Japan
Sevillanas rocieras,"designation of intangible heritage of Almonte, Spain",,
Shanto,music genre,,music of Guyana
Shehhi music,music genre,,Khaliji
Shetland & Orkney folk music,music genre,,Scottish folk music
Shibuya-kei,musical genre originating from Japan,1993,pop music
Shilluk music,music genre,,music of Sudan
Shingaku,Japanese traditional music based on Xing-era Chinese music,,traditional Japanese music
Shinto music,music genre,,religious music
Shona music,music genre of the Shona people of Zimbabwe,,music of Southern Africa
Shonan Sound,music genre,,
Shyama Sangeet,genre of Bengali devotional songs,,
Siberian punk,music genre,,punk rock
Siddhar song,music genre,,music of Tamil Nadu
Sikh music,"musicology of Sikh Sacred Music, used in the Guru Granth Sahib",,religious music
Sikuri,music genre and the player of siku panflute,,
Simadan,music and dance style from Bonaire,,
Simpsonwave,"Internet meme and form of art, linked with vaporwave music and culture and The Simpsons animated series",,vaporwave
Sinawi,traditional Korean music,,Korean folk music
Sindhi music,"music from Sindh province, Pakistan; music sung in Sindhi",,
Singapore hip hop,music genre or scene,,music of Singapore
Sinhalese folk music,music genre,,music of Sri Lanka
Sioux music,music genre,,
Siren kings,pasifika subculture in New Zealand,,
Slackness,"vulgarity in West Indian culture, behavior and music",,dancehall
Slavic folk music,music genre,,European folk music
Slavic pagan metal,music genre,,pagan metal
Slavic rite song,folk genre,,Slavic folk song
Slonim niggunim,Hassidic Jewish songs of Slonim (Hasidic dynasty),,nigun
Slovak folk music,music genre,,music of Slovakia
Slovak hip hop,music genre or scene,,music of Slovakia
Slovenian folk music,music genre,,music of Slovenia
Slovenian folk song,music genre,,Slovenian folk music
Slovenian hip hop,music genre or scene,,European hip-hop
Slovenian rock,music genre or scene,1968,rock music
Slovenian-style polka,American style of polka in the Slovenian tradition,,polka
Smyrneiko,Greek music genre,,composed musical work
Sock,Term from jazz,,
Soga music,music genre,,music of East Africa
Son de mariachi,music genre,,son mexicano
Song poem,"song lyrics that have been set to music for a fee, in 20th Century North America",,
Songhai music,music genre,,music of West Africa
Songo-salsa,music genre,1980,
Songs of realization,Musical genre of ancient India,,
Sotho-Tswana folk music,music genre,,Tswana music
Sound of Frankfurt,music genre or scene,,electronic dance music
SoundCloud indie,online music scene and style of indie rock,,
SoundCloud rap,music genre,,hip-hop
South African folk music,music genre,,music of South Africa
South African heavy metal,music genre or scene,,African heavy metal
South African hip hop,music genre or scene,,African hip-hop
South African jazz,"jazz genre rooted in South African urban black culture, blending American jazz with local styles such as marabi and kwela; closely tied to the anti-apartheid struggle",,jazz
South African pop,music genre of the Republic of South Africa,,pop music
South Asian folk music,music genre,,music of South Asia
South Korean folk music,music genre,,Korean folk music
Southeast Asian classical music,music genre,,art music
Southeast Asian folk music,music genre,,music of Southeast Asia
Southeastern Brazilian music,music genre,,music of Brazil
Southern African folk music,music genre of African region,,African folk music
Southern cone music,music genre,,
Southern gospel,subgenre of gospel music,1890,gospel music
Southern hip-hop,blanket term for a regional genre of American hip-hop music that emerged in the Southern United States,1980,American hip-hop
Southern metal,metal genre,,metal music
Southern rock,subgenre of rock music and a genre of Americana,1968,rock music
Southern soul,subgenre of soul,1957,soul
Sovietwave,subgenre of synthwave,,synthwave
Space-themed music,music genre,,
Spanish classical music,music genre or scene,,classical music
Spanish folk music,music genre,,music of Spain
Spanish hip-hop,music genre or scene,,music of Uruguay
Spanish jazz,music genre or scene,,jazz
Spanish musical revue,"scenic and musical genre, referring to the evolution followed in Spain by the international revue and musical comedy",,
Spanish progressive rock,music genre or scene,,progressive rock
Spanish punk rock,music genre or scene,,punk rock
Spanish raw punk,music genre or scene,,raw punk
Spanish rock,music genre or scene,,rock music
Spanish traditional Christian music,music genre,,Christian music
Sraoui,traditional Algerian chant,,singing
Sri Lankan hip hop,music genre or scene,,music of Sri Lanka
St. Louis Bounce,American rap style,,hip-hop
St. Louis blues,music genre,,blues
Stambeli,musical genre and musico-therapeutic possession rite established in certain regions of Tunisia,,
Sthayi,initial phrase or line of a Hindustani musical composition,,
Streichmusik,music genre,,music of Switzerland
Strochnoy chant,music genre,,Russian liturgical music
Stubenmusik,music genre,,Alpine folk music
Sua,folk song sung by Gond women from the state of Chhattisgarh,,Indian folk music
Sufi music,devotional music of the Sufis,,Islamic music
Sufi rock,genre that combines rock music with classical Islamic sufi traditions,1992,rock music
Sufiana kalam,devotional Sufi music,,maqāmic music
Sugama Sangeetha,Indian music genre; variety of Bhavageethe,,bhavageete
Sulukan,mood setting song used in Javanese puppet theatre,,
Sundanese game song,music genre,,children's music
Sundanese music,"Sundanese traditional music, Indonesia",,music of Indonesia
Supraslian chant,music genre,,music of Belarus
Surinamese Indian music,Surinamese music style,,Hindustani classical music
Surinamese Javanese music,overview of Surinamese music by Javanese Surinamese people,,music of Java
Surinamese indigenous music,traditional music in Suriname,,indigenous American folk music
Suyá music,music genre,,music of Brazil
Suzhou pingtan,musical and oral performance art native to China's Jiangnan region,,
Swang,"popular folk theatre form, from India",,
Swazi traditional music,music genre,,music of Eswatini
Swedish classical music,music genre,,classical music
Swedish death metal,death metal music scene developed in Sweden,,death metal
Swedish folk music,folk music tradition of Sweden,,music of Sweden
Swedish gangsta rap,music genre or scene,,Swedish hip hop
Swedish gospel,Swedish music genre,,gospel music
Swedish hardcore punk,music genre or scene,,hardcore punk
Swedish hip hop,music genre or scene,,European hip-hop
Swedish jazz,music genre or scene,,jazz
Swedish pop,music genre or scene,,pop music
Swedish punk,music genre or scene,,punk rock
Swedish rock music,music genre or scene,,rock music
Swedish soul,Swedish music genre,,soul
Swedish vise,music genre,,music of Sweden
Swiss folk music,music genre,,Alpine folk music
Swiss hip hop,music genre or scene,,music of Switzerland
Swiss rock,music genre or scene,,rock music
Swiss wave,music genre,,new wave
Syriac chant,liturgical chant used in Syriac Christianity,,chant
Syriac sacral music,music of the Syriac Christianity liturgy,,religious music
Systems music,music genre,,
Sønderhoning,music genre and type of dance,,dance
T'ong guitar,form of Korean music developed in the early 1970s,1970,music of South Korea
TV track,music genre,2000,theme music
Tabanka,music genre,,
Tagh,music genre,,chant
Tahitian Drumming,music genre,,
Tailgate,style of jazz,,jazz
Taiwanese folk music,music genre,,music of Taiwan
Taiwanese hip hop,music genre or scene,,music of Taiwan
Taiwanese mandopop,music genre,,music of Taiwan
Taiwanese rock,music genre or scene,,rock music
Taizé song,music genre,,Christian hymn
Tajik music,music of Tajik people as ethnic group,,music of Tajikistan
Tamang Selo,genre of Nepali folk song sung by the Tamang people of Nepal,,
Tambor,Afro-Venezuelan music genre,,music of Venezuela
Tambor de Crioula,dance of African origin practiced by descendants of African slaves in the Brazilian state of Maranhão,,dance
Tamil film music,music genre,,music of Tamil Nadu
Tamil folk music,music genre,,music of Tamil Nadu
Tamil hip hop,music genre and scene,,music of Tamil Nadu
Tamil pop,music genre or scene,,pop music
Tamil rock music,music genre or scene,,rock music
Tamunangue,music genre,,
Tanzanian hip hop,music genre or scene,,African hip-hop
Taoist music,music genre,,music of China
Taquirari,music genre,,music of Bolivia
Tarling,music genre,,
Taryeong,music genre,,
Tasgia,polyphonic singing system widespread mainly in upper Gallura (Sardinia),,polyphony
Tatar folk music,music genre,,traditional folk music
Tatar music,music of Tatars as ethnic group,,Turkic music
Tatar pop,pop music of Tatarstan,,pop music
Tatar rock,music genre or scene,,rock music
Tchamassi,music genre,,
Tche music,music genre,,
Telugu folk music,music genre,,Indian folk music
Telugu music,music genre,,music of India
Temari song,music genre,,nursery rhyme
Tenorlied,music genre,,
Teochew string music,music genre,,Jiangnan sizhu
Terra Verde,music genre,,
Teutonic thrash metal,Music genre originating in Germany,,thrash metal
Tex-Mex,"version of roots rock that mixes rock & roll, blues, country, and several types of Hispanic American music, particularly Tejano",,roots rock
Texas blues,music genre,1915,blues
Texas country music,music genre,1968,country music
Texas roadhouse music,music genre,,music of the United States
Thai classical music,music genre (≠ classical music in Thailand),,music of Thailand
Thai folk music,music genre,,music of Thailand
Thai hip hop,music genre or scene,,Asian hip-hop
Thai pop,"western-influenced popular music genres in Thailand, prominent since 1990s",1960,music of Thailand
Thai rock,music genre or scene,,rock music
Thanksgiving music,music genre,,holiday music
Thumri,semi-classical genres in Hindustani classical music,,Hindustani classical music
Tibetan Buddhist chant,music genre,,mantra
Tibetan Buddhist music,music genre,,Buddhist music
Tibetan new age,music genre,,new age music
Tierra Caliente music,genre of Regional Mexican music,1990,regional Mexican
Tigrinya music,music genre,,Ethiopic music
Tijuana sound,music genre,,
Timbila,music genre,,
Time Lord rock,music genre,2008,rock music
Tin Pan Alley,"historic name given to a collection of musicians, publishers and songwriters in Manhattan, New York City",1885,traditional pop
Tingkilan,"music of East Kalimantan, Indonesia",,music of Indonesia
Tintinnabuli,Compositional style created by the Estonian composer Arvo Pärt,1970,
Tocotín,music genre and type of dance,,Mexican folk dance
Toeshey,music genre,,
Togolese hip hop,music genre or scene,,African hip-hop
Tolai music,music genre,,music of Papua New Guinea
Tolai rock,music genre,1983,rock music
Torah reading,Jewish religious tradition that involves the public reading of a set of passages from a Torah scroll,,Hebrew cantillation
Torika,music genre,,Japanese folk song
Toronto sound,style of rap and R&B,,hip-hop
Tosk polyphony,music genre,,Albanian iso-polyphony
Tovareća mužika,traditional music ensemble from Sali,,traditional folk music
Trecento Madrigal,Italian musical form of the fourteenth and early fifteenth centuries,,
Tromsø techno scene,music genre or scene,,techno
Trumpwave,"Internet meme and art, associated with vaporwave and synthwave music",,
Trás-os-Montes folk music,music genre,,Celtic folk music
Tshikona,Venda national dance,,traditional folk music
Tsonga disco,music genre,,music of Southern Africa
Tsutsube,music genre and type of dance,,music of Botswana
Tsuur music,combination of instrumental and vocal music of the Uriankhai Mongolians of the Altai Region in Mongolia – inscribed in the List of Intangible Heritage in Need of Urgent Safeguarding in 2009,,Mongolian folk music
Tswana music,"music is performed by Tswana people during feasts and special occasions such as beer gatherings, weddings and initiation ceremonies",,music of Southern Africa
Tsyganskiy romance,music genre,1900,Russian romance
Tuareg music,music genre,,Berber music
Tubilah Walidia,Libyan singing art,,music of Libya
Tuka,marron dance and music style in Suriname,,dance
Tulsa sound,music genre,,American rock
Tulsi,music genre,,music of Tamil Nadu
Tunisian nubah,music genre,,
Tunisian rock,music genre,,rock music
Tunisian underground music,music genre,,
Turkic music,music of Turkic people,,music of Asia
Turkic-Mongolic music,music genre,,music of Central Asia
Turkish Black Sea Region folk music,music genre,,Turkish folk music
Turkish alternative music,music genre or scene,,music of Turkey
Turkish folk music,folk music of Turkey,,music of Turkey
Turkish hip-hop,music genre or scene,,music of Turkey
Turkish mevlevi music,music genre,,Islamic music
Turkish music style,West European impressionism of various Turkish styles used during the Classical music period,,classical music
Turkish pop,music genre or scene,,pop music
Turkish religious music,music genre,,religious music
Turkish rock,music genre or scene,,rock music
Turkmen music,music of Turkmen people,,Turkic music
Tuvan throat singing,music genre,,Central Asian throat singing
Tvísöngur,music genre,,
Twa music,music genre,,music of East Africa
Twang,musical style,,country music
Twin Cities hip hop,"Hip Hop scene in Minneapolis and St. Paul, Minnesota US",,American hip-hop
Type Beat,Instrumental track specifically produced to emulate the style of a particular artist or genre.,,beats
Tōgaku,music genre,,gagaku
UK bass,electronic music genre,2006,bass music (EDM)
UK drill,genre of music,2015,drill
UK funky,genre of electronic dance music from the United Kingdom,2006,electronic dance music
UK garage,genre of electronic music originating from England in the early 1990s,1993,electronic dance music
UK gqom,variant of gqom,,
UK hardcore,genre of music,1993,happy hardcore
UK hardcore (techno),music genre,,techno
UK jackin',music genre,2009,house music
UK rap,music genre or scene,1985,European hip-hop
UK street soul,music genre,1980,contemporary R&B
UK82,music genre or scene,1980,street punk
US bass music,music genres group that draws influence from the deep sub-bass lines of Miami bass,1984,bass music
US power metal,music genre or scene,1983,heavy metal music
US-Dancefloor,music genre,,electronic dance music
Udmurt folk music,music genre,,Volga-Ural folk music
Ugandan hip hop,music genre or scene,,African hip-hop
Ukrainian folk music,music genre,,music of Ukraine
Ukrainian hip hop,History of Hip-Hop in Ukraine,,music of Ukraine
Ukrainian metal,heavy metal music scene of Ukraine,,music of Ukraine
Ukrainian pop,Western influenced pop music in its various forms that has been growing in popularity in Ukraine since the 1960s,,music of Ukraine
Ukrainian rock,Ukrainian appreciation of and contributions to the rock music genre,,rock music
Ukrainian social household song,genre of Ukrainian songs,,Ukrainian folk song
Umeå hardcore,music genre or scene,,Swedish hardcore punk
Unaizah Samri,music genre,,
Urban Pasifika,Music genre,1993,New Zealand hip-hop
Urban Qawwali,music genre,,qawwali
Urdu music,music genre,,music of South Asia
Urlatori,singing and vocal style popular in Italy in the turn of the late 1950s and the early 1960s,1950,
Uruguayan punk,music genre,1993,punk rock
Uruguayan rock,rock music made in or associated with Uruguay,,rock music
Utdari Nongak,music genre and type of dance,,pungmul
Ute music,music genre,,indigenous music of North America
Uyghur music,music of Uyghur people,,music of Russia
Uzbek classical music,art music originating in Uzbekistan,,maqāmic music
Uzbek estrada music,music genre,,music of Uzbekistan
Uzbek folk music,music genre,,traditional folk music
Uzbek hip hop,music genre or scene,,music of Uzbekistan
Uzbek pop,pop music of Uzbekistan or Uzbek people,,pop music
V-pop,music genre of Vietnam,,pop music
Valaam chant,music genre,,Russian liturgical music
Valencian folk music,music genre,,Catalan traditional folk music
Vallenato,musical tradition fusing cultural expressions of several origins in the Monteria Córdoba - Magdalena Grande area of Colombia – inscribed in the List of Intangible Heritage in Need of Urgent Safeguarding in 2015,1900,music of Colombia
Vedic chant,oral tradition of the Vedas,,oral tradition
Venetian polychoral style,type of music of the late Renaissance and early Baroque eras which involved spatially separate choirs singing in alternation,,Renaissance music
Venetian popular song,popular songs of Venice,,song
Venetian song,music genre,,traditional folk song
Venezuelan bambuco,music genre and type of dance,,music of Venezuela
Venezuelan blues,music genre or scene,,blues
Venezuelan hip-hop,music genre and scene,,Latin hip-hop
Venezuelan merengue,music genre,,merengue
Venezuelan rock,music genre or scene,,rock music
Venezuelan waltz,musical genre that was popularized in 19th-century Venezuela,,music of South America
Ver,music genre,,
Verse anthem,"type of choral music, or song in religious music",,choral music
Verso,genre in Iberian organ music,,
Vidalita,music genre,,
Viennese couplet,vocal interlude in the farces or comedies of the old Viennese folk theatre,,interlude
Viennese music,music genre,,musica leggera
Vietnamese bolero,music genre of Spanish origin that was introduced to Latin America and then to Vietnam in the early 1950s,,music of Vietnam
Vietnamese classical music,music genre,,music of Vietnam
Vietnamese diasporic music,music genre,,
Vietnamese folk music,musical genre,,music of Vietnam
Vietnamese folk song,music genre,,traditional folk song
Vietnamese hip hop,music genre and scene,,music of Vietnam
Vietnamese popular music,music scene,,popular music
Vietnamese rock,music genre or scene,,rock music
Virgin Islander cariso,music genre,,Caribbean folk music
Visayan pop,music genre,,pop music
Vishnupada,music genre,,chant
Vocaloid music,music genre,,music of Japan
Volga Tatar folk music,music genre,,Tatar folk music
Volga-Ural folk music,music genre,,music of Russia
Volkslied,"German music term coined by Johann Gottfried Herder in 1773; meaning folk song, esp. as collected and arranged in 19th c. Germany",,Lied
Volkstümliche Musik,derivation of German folk music,1975,schlager music
Ví and Giặm folk songs of Nghệ Tĩnh,form of folk music in Nghệ An and Hà Tĩnh,,music of Vietnam
Wagnerian rock,merger of 20th-century rock and roll and 19th-century opera reminiscent of Richard Wagner or Phil Spector's Wall of Sound,1967,rock music
Wahrani,music genre,,
Waiata,music genre,,Oceanic folk music
Wallonne chanson,musical genre in Walloon language,,
Walloon folk music,music genre,,European folk music
Warsaw City folk music,music genre,,Polish urban folk music
"Washington, D.C. hardcore punk",One of the first and most important punk scenes in the US with influence that stretches way beyond punk,,American hardcore punk
Wassoulou music,music genre,,music of West Africa
Weird Soundcloud,"genre of parody music, usually associated with SoundCloud",,musical comedy
Welayta music,music genre,,music of Northeast Africa
Welsh bardic music,music genre,,
Welsh folk music,musical genre consisting of traditional music from Wales,,music of Wales
Welsh hip hop,overview of hip hop music from Wales,,UK rap
Were music,music genre,,Yoruba music
West Asian folk music,music genre,,music of the Middle East
West Bengal rock music,Bengali appreciation of and contributions to the rock music genre,,rock music
West Coast School,American school of composition,,modern classical music
West Coast blues,"type of blues influenced by jazz and jump blues, with strong piano-dominated sounds and jazzy guitar solos, which originated from Texas blues players who relocated to California in the 1940s",,blues
West Coast breaks,music genre,1992,breakbeat
West Coast hip-hop,regional genre of hip-hop music that encompasses any artists or music that originated in the West Coast of the United States,1975,American hip-hop
West Coast jazz,various styles of jazz music,,jazz
West Coast rock,music genre,,American rock
West Side sound,music genre or scene,,brown-eyed soul
West gallery music,music genre,,religious music
Western music,music genre,,music
Western swing,subgenre of American country music,1928,country music
Western swing fiddle,music genre,,Western swing
Western swing revival,music genre,,Western swing
Wienerlied,"Song, which comes from Vienna and has the city of Vienna as its theme or sings something characteristic Viennese",,Austrian folk music
Windmill scene,musical scene,,post-punk
Wolof music,traditional music of the Wolof people of West Africa,,music of West Africa
Wuu Chinese pop,music genre,,C-pop
Xenharmonic music,music that uses musical scales other than 12-tone equal temperament,,music
Xhosa music,music of the Xhosa people of South Africa,,music of South Africa
Xi'an guyue,Chinese traditional music,,Chinese traditional music
Xintianyou,music genre,,
Xixón sound,music genre or scene,,Spanish rock
Yaeyama music,"genre of traditional music that developed in the Yaeyama Islands in Okinawa Prefecture, Japan",,Ryukyuan music
Yamani palm music,music genre,,
Yambú,type of rumba,,Cuban rumba
Yaqui music,music genre,,indigenous music of North America
Yemeni hip hop,music genre or scene,,Middle Eastern hip hop
Yemenite Jewish music,music genre,,oriental Jewish music
Yeongsan hoesang,music genre,1890,Korean court music
Yiddish folksong,music genre,,traditional folk song
Yo-pop,music genre,,African popular music
Yoruba folk opera,music genre,,folk theatre
Yoruba music,"the pattern/style of music practiced by the Yoruba people of Nigeria, Togo, and Benin",,music of West Africa
YouTube poop music video,music genre video using sounds from other videos,,plunderphonics
Ypakoe,music genre,,hymn
Yu-Mex,music genre,,music of Yugoslavia
Yugoslav new wave,music genre or scene,,new wave
Yugoslav partisan song,songs that were created or sung during the national liberation struggle of Yugoslavia,,revolutionary song
Yugoslavian punk rock,music genre or scene,,punk rock
Yuka,Afro-Cuban style of music genre,,
Yuman music,music genre,,indigenous music of North America
Yunnan hill song,music genre,,shan'ge
Yéla,music genre,,
Yōkyoku,music genre,,vocal music
Zaley,music genre,,music of Niger
Zamba alegre,music genre and type of dance,,Argentinian folk dance
Zamrock,"Zambian music style that started in the 1970s, combining psychedelic rock, funk, and heavy rock riffs",1972,rock music
Zapateado,dance and traditional music of Andalusian (Spanish) origins,,Zapateo
Zeckenrap,music genre,,German hip-hop
Zenji flava,music genre,,
Zeuhl,music genre,1970,avant-prog
Zhar-zhar,music genre,,Kazakh folk music
Zimbabwean hip hop,music genre or scene,,African hip-hop
Zimbabwean jazz,music genre or scene,,jazz
Zimdancehall,genre of popular music,1988,dancehall
Zindalii,music genre,,
Znamenny chant,musical form,,chant
Zokugaku,music genre,,
Zoroastrian music,music genre,,religious music
Zoti,"wedding songs sung during the preparation of food during weddings in Goa, India",,vocal music
Zouk chouv,music genre,,
Zukuma,music genre and type of dance,2022,music of Angola
Zulu music,music genre,1990,music of South Africa
a capella battle rap,music genre,,battle rap
a capella rock,music genre,,rock music
a cappella,group or solo singing without instrumental sound,,vocal music
aak,court ceremonial music of Korea,1116,Korean court music
aboio,music genre and form of singing,,work song
aboio cantado,music genre,,aboio
abozao,music genre and type of dance,,folk dance
absolute music,"music that is non-representational, i.e. not explicitly “about” anything",,music
abstract hip-hop,subgenre of hip-hop,1986,hip-hop
academic style,music style,,
accentus,music genre,,Gregorian chant
acclamatio,expression of enthusiasm in Ancient Roman and Byzantine tradition; common to many political and religious rituals and important to medieval Christian worship,,greeting
acholitronix,music genre,,electronic music
acid,"group of electronic music genres, combined with an ""acid"" aesthetic of Roland TB-303-type sound",,electronic music
acid blues,music genre,,blues
acid breaks,music genre,1987,breakbeat
acid house,subgenre of house music,1987,house music
acid jazz,"genre of music, mixing elements of funk, soul, jazz and electronic music",1987,club/dance music
acid rock,subgenre of psychedelic rock music,1965,psychedelic rock
acid techno,music genre,1988,techno
acid trance,subgenre of trance music,1988,trance
acidcore,music genre,1991,hardcore
acousmatic music,form of electroacoustic music,1957,electroacoustic music
acoustic Chicago blues,music genre,,blues
acoustic Louisiana blues,music genre,,Louisiana blues
acoustic Memphis blues,music genre,,blues
acoustic New Orleans blues,music genre,,Louisiana blues
acoustic Texas blues,music genre,,country blues
acoustic blues,subgenre of blues,,blues
acoustic music,"music genre, non-electric music created through acoustics",,music
acoustic rock,subgenre of rock,,rock music
adaha,type of highlife in Ghana,,highlife
adhunik geet,music genre,,music of Nepal
adult album alternative,music radio format,,pop rock
adult contemporary music,radio format and music genre,1960,pop music
adult-oriented pop,music genre,,pop music
adult-oriented rock,late 1970s style of rock music,,arena rock
afoxê,genre of music,,music of Brazil
agbadza,Ewe music and dance style,,folk dance
agbekor,music genre and type of dance,,African dance
aggrotech,subgenre of dark electro,1993,dark electro
agronejo,music genre,,sertanejo universitário
aguinaldo,folk genre of Christmas music,,Christmas music
ahwash,traditional dance and music genre from Morocco,,Berber music
ainam,music genre,,
air,various song-like vocal or instrumental compositions,,composed musical work
air de cour,secular vocal music in France in the late Renaissance and early Baroque period,,Elizabethan song
air à boire,form of drinking song,,
aire,19th century music style from Argentina,,Argentinian folk dance
aita,Bedouin style of Arabic folk music from rural Morocco,,music of North Africa
aiyai,music genre,,
al ala,music genre,,
al jeel,music genre,,Arabic pop
al-ayyalah,traditional group dance and music of United Arab Emirates,,Khaliji
al-hawizi maqam,music genre,,Arabic maqam
al-jadīd,music genre,,Arabic music
alalá,folk musical genre from Galicia (Spain),,traditional folk music
albazo,Ecuadorian music genre,,traditional folk music
alborada,Galician musical genre,,composed musical work
album-oriented rock,American FM radio format,1973,rock music
aleatoric music,"music in which some element of the composition is left to chance, and/or some primary element of a composed work's realization is left to the determination of its performer(s)",,modern classical music
aleke,music genre,,music of the Caribbean
algorave,dance event and music genre,2011,rave
algysh,group of poetic works of Tuvan shamanic folklore,,traditional folk music
aliencore,"futuristic electronic genre blending computer-based music, extraterrestrial themes like alien contact and space travel, and sci-fi aesthetics including sonic storytelling and cosmic soundscapes",2024,electronic music
allaoui,"style of music, folk dance and accompanying song, which is a heritage of western Algeria and eastern Morocco",,
allemande,"classical dance music form, serious moderate-tempo piece in duple or quadruple metre",,classical dance music
alloukou,music genre,,Kru music
alma mater song,song type,,school song
alriyfy music,music genre,,
alternative CCM,music genre,,jangle pop
alternative R&B,stylistic alternative to contemporary R&B,2005,contemporary R&B
alternative country,sub-genre of country music,1984,country music
alternative dance,dance music genre,1985,alternative rock
alternative electronic,music genre,,electronic music
alternative folk,music genre,,alternative music
alternative hip-hop,subgenre of hip-hop music that encompasses a wide range of styles that are not typically identified as mainstream,1988,rapping
alternative idol music,music genre or scene,,Japanese idol music
alternative metal,music subgenre of heavy metal and alternative rock,1985,alternative music
alternative music,group of musical genres (mainly of pop and rock music) that deviate from the dominant trend or commonly accepted official models,,popular music
alternative pop,genre of pop music within alternative music movement,2006,pop music
alternative punk,subgenre of punk,,punk rock
alternative reggaeton,subgenre of reggaeton,2002,reggaeton
alternative rock,subgenre of rock music,1978,rock music
alternative singer-songwriter music,music genre,,alternative music
alternative urban,subgenre of urban,,urban contemporary
alté,music genre,,Afrobeats
ambasse bey,style of folk music and dance from Cameroon,,African folk music
ambient americana,music genre,,ambient music
ambient black metal,black metal music subgenre,,black metal
ambient breakbeat,music genre,,breakbeat
ambient dub,music genre,1991,dubtronica
ambient house,subgenre of house music,1988,house music
ambient industrial,subgenre of dark ambient,,dark ambient
ambient jazz,music genre,,jazz
ambient music,music genre,1967,popular music
ambient noise wall,music genre,,noise music
ambient plugg,music genre,,plugg music
ambient pop,music genre,,pop music
ambient techno,subgenre of techno,1989,deep techno
ambient trance,music genre,1990,chill-out music
amigacore,music genre,,hardcore
anarcho-punk,punk rock that promotes anarchism,1976,punk rock
ancient Celtic music,music of the ancient Celts,,ancient music
ancient Chinese music,music genre,,ancient music
ancient Levitical music,music genre,,ancient music
ancient Naxi music,music genre,,ancient music
ancient Tamil music,music genre,,ancient music
ancient music,"music that developed in literate cultures, replacing prehistoric music",,music
angura kei,music genre,,
anhalt EBM,music genre,,electronic body music
animation music,music genre,,film score
anime music,music genre,,gekiban music
anime song,music created for use in Japanese animation series,,song
anthem,music composition of a celebration; short sacred choral work; specific form of liturgical music of the Anglican churches of the 16th–18th centuries,,hymn
anti runa,music genre,,
anti-folk,music genre that seeks to subvert the earnestness of politically charged 1960s folk music,1985,contemporary folk music
anti-racist music,music genre,,anti-racism
antiphon,"short sentence sung or recited before or after a psalm or canticle; call and response, especially in Christian music and ritual",,refrain
antiphonal singing,"music is that performed by two choirs in interaction, often singing alternate musical phrases",,choral music
antipop,music genre,,alternative music
antosy,music genre,1960,music of Madagascar
apala,"Yoruba percussion-based music genre originating in late 1930s colonial Nigeria, derived from Wéré music; featuring sekere rattle, agidigbo thumb piano, agogô bell, and talking drums; has influenced Cuban music",1930,African folk music
aqua disco,music genre,,disco
aquacrunk,music genre,,wonky
arabesque,genre of Turkish music,,music of Turkey
arabesque rap,music genre,,hip-hop
archaic jazz,music genre,,jazz
archontorebetiko,music genre,,Rebetiko
arena rock,genre of rock music designed for large audiences,,rock music
argent metal,genre of metal inspired by Doom soundtrack,,extreme metal
aria di sorbetto,music genre,,aria
arietta,music genre,,aria
arioso,musical form,,
aroubi,music genre,,music of Algeria
arrocha,music genre,,brega
arrocha funk,music genre,2015,Brazilian funk
arrocha sertanejo,music genre,,sertanejo universitário
arrochadeira,music genre,2010,swingueira
arrorró,Canarian lullaby style,,
ars antiqua,musical style of the Middle Ages,1170,medieval music
ars nova,musical style of the late Middle Ages,1310,medieval music
art lyrique,music term; French umbrella term for classical vocal music,,classical music
art music,"serious music, as opposed to popular or folk music; meta-genre covering global classical music developments",,music
art pop,loosely-defined style of pop music,1955,pop music
art punk,subgenre of punk music,1979,punk music
art rock,subgenre of rock music,1968,rock music
art song,"vocal music composition, usually written for one voice with piano accompaniment, and usually in the classical art music tradition",,song
art song in Arabic,music genre,,art song
artcore,anti-art punk movement started in the 1980s,2003,hardcore punk
artcore drum and bass,style of intelligent drum and bass,1995,intelligent drum and bass
arunguita,music genre and type of dance,,Argentinian folk dance
asian rock,pluggnb subgenre,,pluggnb
asmarandana,music genre,,tembang macapat
assiko,dance and music genre from Cameroon,,folk dance
asturianada,Asturian folk music,1790,traditional folk song
atmospheric black metal,subgenre of black metal,1993,black metal
atmospheric death metal,music genre,,extreme metal
atmospheric doom metal,music genre,,doom metal
atmospheric drum and bass,music genre,1991,intelligent drum and bass
atmospheric sludge metal,music genre,1993,post-metal
atonality,characteristic that abandons the tonal functions of classical harmony and is based on the autonomy of the degrees of the chromatic scale,,music composing
aubade,morning love song or a song or poem about lovers separating at dawn,,song
aulodia,"Greek music genre and event, song to flute",,
author acoustic song,music genre,,acoustic music
autonomic,music genre,,minimal drum and bass
autonomous music,music term,,music
avant-folk,music genre,,contemporary folk music
avant-funk,subgenre of funk music,1960,funk
avant-garde hip hop,music genre,,experimental hip-hop
avant-garde jazz,music genre,1957,jazz
avant-garde metal,subgenre of metal music,1985,metal music
avant-garde music,music genre,1945,art music
avant-pop,"popular music that is experimental, new and distinct from previous styles while retaining an immediate accessibility for the listener",,pop music
avant-prog,subgenre of progressive rock music,1969,progressive rock
avant-punk,music style,,punk rock
avanzada,music genre,,music of Paraguay
axé,"music genre originated in Salvador, Bahia, Brazil",1980,music of Brazil
ayai,music genre,,Cambodian classical music
ayarachi,music genre,,Peruvian dance
ayr,English lute-songs of the late 16th and early 17th centuries,,lute song
azmari,music genre,,Ethiopic music
aṣíkò,music genre,1920,musical instrument
baby voice,music genre,,hip-hop
bacardi,music genre,,kwaito
bachata,"genre of Latin Francia music that originated in the Dominican Republic in the first half of the 20th century with Indigenous, African and European musical elements",1960,dance music
bachatón,"hybrid bachata/reggaeton music style, in the Dominican Republic",,reggaeton
background music,"music in a film, video game or other medium that establishes mood",,functional music
bagad,type of musical group; Breton band,,marching band
bagatelle,short piece of music,,classical music
baggy,British dance-oriented music genre,1988,alternative rock
baguala,folk musical genre from northwest Argentina,,Andean music
baila,music of Sri Lanka,,music of Sri Lanka
baile  Chocoana,music genre and type of dance,,folk dance
baile chino,music genre,,
bailecito,music genre and type of dance,,music of Argentina
bait,epic and lyrical-epic genre of Tatar and Bashkir poetry,,
baithak gana,form of music originating in Suriname,1965,music of the Caribbean
baião,music genre and type of dance,,dance
bakalao,music genre,,electronic dance music
bal-musette,style of French accordion music and folk dance,,French folk music
balabak,music genre,,tembang tengahan
baladi,Egyptian dance and music genre,,music of Egypt
balani show,music genre,1990,electronic dance music
balitaw,music genre,,Southeast Asian folk music
ballad,musical genre; tradition of performing literary ballads (from medieval to contemporary popular ones) as a song,,narrative song
ballad of chivalry,genre of medieval ballad,,medieval ballad
ballad of the supernatural,genre of medieval ballad,,medieval ballad
ballade,"musical setting of a literary ballad; poetic and musical genre in the 18th and 19th centuries, popular with the Romantics and their later epigones",,classical music
ballata,music genre,,
ballet,musical form,,classical music
ballet d'action,"hybrid genre of expressive and symbolic ballet that emerged during the 18th century, aiming to free the conveyance of a story from dialogue, relying simply on quality of movement to communicate actions, motives, and emotions",1700,ballet
ballet de cour,music genre,,Baroque music
balletto,genre of vocal polyphonic music; a type of instrumental suite,,
ballroom,house music subgenre connected to the drag ball scene,1989,house music
ballroom dance music,music genre,,dance music
balwo,style of music and poetry practiced in Somalia and Djibouti,1943,music of Somalia
bambuco,music genre originating from Colombian,,music of Colombia
banda de pífano,music genre,,Brazilian folk music
banda music,"music genre, style of Mexican music heavy on brass and percussion",,brass band music
bandinha,music genre,,music of Brazil
bandish,music genre,,composed musical work
banga,music genre,,Sufi music
banja,music genre and type of dance,,
bantengan,music genre; type of dance,,Indonesian dance
bantu groove,"musical genre that merges various Cameroonian styles, jazz and soul music",2002,
baqashot,Jewish poetry,,piyyut
barber beats,music genre,,chill-out music
barbershop music,type of vocal harmony,,a cappella
barcarolle,musical form,,traditional folk song
bard rock,Soviet music genre,1970,rock music
bard song,"type of song in Russia and USSR, usually sang by the lyricist",1930,music of the Soviet Union
bardcore,musical genre where modern pop music is performed in medieval style,2020,neo-medieval music
barndance,musical form,,folk dance music
baroque pop,fusion genre that combines rock music with particular elements of classical music,1965,pop music
bass,"type of electronic music that emerged in England in the early 1990s, characterized by accelerated breaks (typically between 160 and 190 bpm) combined with powerful bass lines",1987,electronic dance music
bass house,subgenre of house music,2012,house music
bass music,"umbrella category comprising three separate genre groups: EDM bass music, (hip hop-derived) post-Miami bass music and also sometimes breakbeat-oriented EDM genres (drum and bass)",,popular music
bass music (EDM),group of music genres built around the use of heavy bass and EDM production,1997,electronic dance music
bassline,subgenre of UK garage,1999,UK garage
batida,music genre,1980,kuduro
batidão romântico,music genre,2018,brega funk
batonebi songs,music genre,,lullaby
battaglia,form of programme music imitating a battle,,programme music
battle rap,"type of rapping that includes bragging, insults and boasting content, often recited or freestyled spontaneously in live “battles”; often written solely for the purpose of impressing people with technically inventive rapping",1980,rapping
batucada,Percussive style of samba,,samba
batuque,music and dance genre from Cape Verde,,music of Cape Verde
batuque paulista,music genre and type of dance,,Batuque de Umbigada
batá music,music genre,,religious music
baul gaan,music genre,,music of Bangladesh
bayawan,music genre,,traditional folk music
bayou funk,music genre,,funk
bazuinkoor,"music genre in Surinam; small brass ensemble, often with percussion, that plays festive and religious music in the tradition of the Moravian Church on special occasions such as birthdays and funerals",,trombone choir
beach music,regional genre which developed from various rock/R&B/pop music of the 1950s and 1960s,1948,rhythm and blues
beat bolha,music genre,,Brazilian funk
beat bruxaria,music genre,,funk mandelão
beat fino,music genre,,Brazilian funk
beat mass,Christian music genre,,beat music
beat music,"popular music genre, influenced by rock and roll, skiffle, traditional pop music; developed in the UK early 1960s",1963,pop rock
beat rock,music genre,,new wave
beatboxing,"vocal percussion involving imitation of drum machines, turntablism, and other musical instruments using one's mouth, lips, tongue, and voice, connected with hip-hop culture",1980,musical instrument
beatdown,electronic music genre and music production technique,,electronic music
beatdown hardcore,subgenre combining heavy metal and hardcore punk,1988,hardcore punk
beatrhyming,vocal performance art,,
beats,"loose form of popular music, characterized by a hip-hop beat pattern without necessarily being hip-hop",,popular music
beautiful music,instrumental radio music format prominent in North America during the 1950s–1980s,,
bebop,a style of jazz developed in the early to mid-1940s in the United States,1945,jazz
bedoui oranais,music genre,,Bedouin music
bedroom pop,music genre,,indie pop
beguine vide,music genre,,music of Martinique
bel canto,clear singing style,,vocal music
bend-skin,"urban Cameroonian popular music, related to manganbeu; played using only drums and maracas (often made from soda cans), with a vocalist who both sings and raps; often sung in the language Medumba; became popular in 1993",1993,music of Central Africa
benga music,"genre of Kenyan popular music, which evolved between the late 1940s and late 1960s in Nairobi",1948,music of Kenya
beni,East African genre of brass music and dance,,African dance
benna,music genre,,Caribbean folk music
beompae,Korean Buddhist musical genre,,Buddhist music
berceuse,musical composition usually in 6/8 time,1850,
bergamask,music genre and type of dance,,dance
bergerette,poetic form; instrumental dance in quick triple time; French air with frequent pastoral references,,
bertsolaritza,the art of improvised singing in basque according to various melodies and rhyming patterns,,stand-up poetry
bećarac,Croatian musical form from Slavonia,,Croatian folk music
bhajan,singing of poems or hymns in Indian tradition,,devotional song
bhangra,upbeat type of popular music associated with Punjabi culture,,music of South Asia
bhangragga,music genre,,dancehall
bhavageete,form of poetry,,poetry
bhawaiya,Folk song genre of Assam and West Bengal,,Indian folk music
big band music,"jazz genre, musical style",,jazz
big beat,electronic music genre,1992,breakbeat
big music,pop rock music genre,1980,pop rock
big room house,subgenre of house,2009,house music
big room trance,subgenre of trance music,2008,trance
big-beat (Eastern bloc),music genre related to rock and roll of Eastern Bloc countries in the 1960s,,rock music
bigi poku,Surinamese music style,,Dixieland jazz
biguine,music genre,,French Caribbean music
biker metal,"fusion genre that combines elements of heavy metal, occult rock, hard rock, freakbeat and electric blues",1977,extreme metal
bikutsi,music genre from Cameroon,1940,music of Cameroon
binaural beats,auditory processing artifacts and musical genre,1839,electronic music
biomusic,form of experimental music which deals with sounds created or performed by non-humans,,
biraha,genre of Bhojpuri folk music,,Bhojpuri folk music
bit music,"umbrella category of electronic music genres, created by sound chips, sequencers found in vintage video game consoles, synthesizers and computers and calculators.",1979,electronic music
bitpop,music genre,1990,bit music
black 'n' roll,music genre,2001,black metal
black MIDI,music genre,2009,MIDI music
black ambient,subgenre of dark ambient music,,dark ambient
black doom,music genre,1993,black metal
black gospel music,genre of African-American Christian music,,African-American music
black metal,subgenre of heavy metal music,1985,extreme metal
black noise,music genre,1990,black metal
blackened crust,subgenre of metal that combines crust and black metal,2000,crust punk
blackened death metal,subgenre of heavy metal music,,black metal
blackgaze,fusion genre combining elements of black metal and shoegaze,2003,atmospheric black metal
blatnaya pesnya,Russian music genre,1850,Russian chanson
bleep techno,subgenre of techno,1988,techno
blog rock,music genre or scene,,indie rock
bloghouse,music genre or scene,,electronic dance music
blue yodeling,music genre,1927,old-time music
blue-eyed soul,derogatory term sometimes used for soul music performed by White artists,1965,pop music
bluebeat,music genre,,ska
bluegrass fiddle,style of American fiddle playing,,bluegrass music
bluegrass gospel,subgrenre of bluegrass music incorporating gospel lyrics,,gospel music
bluegrass music,form of American roots music,1940,country music
blues,vocal and instrumental music form,1890,popular music
blues ballad,Fusion of Afro-Anglo-American music,,ballad
blues metal,music genre,,hard rock
blues rock,music genre combining elements of blues and rock,1960,blues
blues standard,"musical composition considered an important part of the musical repertoire of blues musicians; composition that is widely known, performed, and recorded by blues musicians, and widely known by listeners",,blues
boate carioca,music genre,,funk carioca
bocet,music genre,,Romanian folk music
bodabil in the Philippines,a popular genre of entertainment in the Philippines from the 1910s until the mid-1960s,,
boduberu,music genre and type of dance,,South Asian folk music
boedra,traditional genre of Bhutanese music,,Bhutanese folk music
boerenrock,genre of rock music,1970,rock music
bogino duu,short tenuto songs of traditional Mongolian music,,traditional folk song
bolero,Spanish folk dance and music,,music of Spain
bolero moruno,music genre,,bolero
bolero ranchero,music genre,,
bolero salsa,slow dance salsa subgenre,,
bolero-beat,music genre,,canción melódica
bolojo,music genre and type of dance,,dance
bomba,traditional musical style of Puerto Rico,,dance
bomba yucateca,music genre,,bomba
bongo flava,music genre,1995,hip-hop
boogaloo,genre of Latin music and dance,1963,dance
boogie,post-disco musical genre,1976,rhythm and blues
boogie rock,music genre which came out of the hard heavy blues rock of the late 1960s,1968,blues rock
boogie-woogie,music genre,1900,blues
boom bap,music production style and hip-hop subgenre,1987,hip-hop
boomba music,music genre,,music of East Africa
bop,music genre,2011,pop rap
border ballad,song genre from the Anglo-Scottish border,,English folk music
boss music,music played in a video game during a boss battle,,background music
bossa nova,style of Brazilian music,1958,music of Brazil
bothy ballad,music genre,,Scottish folk music
bounce beat,music genre,,go-go
bounce music,energetic style of New Orleans hip hop,1990,Southern hip-hop
bouncy techno,subgenre of happy hardcore,1992,happy hardcore
bourrée,French dance,,Baroque dance
bouyon,music genre,1988,French Caribbean music
boyfriend country,music genre,,country pop
brandy,music genre and type of dance,,folk dance
brass rock,music genre,,rock music
brasspop,music genre,,pop music
break-in,"type of novelty record using samples of popular music, developed by producer Dickie Goodman",,novelty music
breakbeat,genre of electronic music,1987,electronic dance music
breakbeat hardcore,subgenre of breakbeat and UK rave music genre,1989,hardcore
breakbeat kota,"Indonesian breakbeat genre that emerged in the late 2000s and early 2010s, evolving from Funkot",2000,breakbeat
breakcore,style of electronic dance music,1994,hardcore
breaks,music genre,,electronic dance music
breakstep,genre of music that evolved from the UK garage scene and influenced the emergence of dubstep,1998,UK garage
breaktrance,music genre,,trance
brega,Brazilian popular music genre,,music of Brazil
brega funk,music genre,2011,tecno brega
brega pop,Brazilian music genre derived from Brega,1990,pop music
bregadeira,music genre,,arrocha
brincao,music genre originating in Bolivia,1970,folk music
bro-country,Subgenre of mainstream country music,,country pop
broken beat,electronic music genre,1993,electronica
broken transmission,"subgenre of vaporwave that is characterized by the use of short soundbites to create new songs and soundscapes, made to simulate the experience of channel hopping and radio station switching",2010,vaporwave
bronycore,music genre,,
brostep,genre of electronic music,2007,dubstep
brown-eyed soul,soul music genre,1960,soul
brukdown,music genre,1870,music of Belize
brunette,type of French song of the 17th and 18th centuries,,
brutal death metal,subgenre of death metal,1990,death metal
brutal prog,subgenre of progressive rock music and experimental rock music,1984,progressive rock
bubblegrunge,music genre,,pop music
bubblegum bass,music genre,2011,bass music (EDM)
bubblegum dance,music genre,1995,Eurodance
bubblegum music,genre of pop music,1960,pop music
bubblegum punk,cross-over of punk and bubblegum music,1970,punk rock
bubbling,erotic dance and music,1995,dancehall
bubbling house,music genre,2002,house music
budget rock,music genre,,garage punk
budots,music genre,2009,electronic dance music
bugio,music genre,,
bugle call,short tune used for communication,,composed musical work
bulería of Jerez de la Frontera,"designation of intangible heritage of Jerez de la Frontera, Spain",,bulería
bullerengue,music genre and type of dance,,cumbia
bultrón,music genre,,reggae
bumba meu boi do Maranhão,music genre and cultural event,,Bumba Meu Boi
bunde (Colombia),music genre,,
bunde (Panama),music genre,,
bunde chocoano,music genre,,
burger-highlife,Ghanaian music genre,,highlife
burlesque,type of musical composition,,composed musical work
burning spirits,style of metal-influenced hardcore punk from Japan,1985,hardcore punk
bush ballad,music genre of Australia,,ballad
bushi,genre of Japanese folk music,,Japanese folk music
bygderock,"Norwegian sub-genre of rock music; ""rural rock""",,rock music
bytebeat,music genre,,bit music
bélé,music genre and type of dance,,folk dance
bérite club,music genre,2012,ghetto club
børnerock,term for music played by children,1979,rock music
bühnenmusik,music that is produced on the stage as part of the action,,theatre music
ca trù,Vietnamese musical storytelling genre,,performing arts
cabaletta,music genre,,
cabaret music,music genre,,song
cabo zouk,music genre,,zouk
caccia,"Italian music term; part song in canon form portraying hunting and usually employing such sounds as the cries of beggars and vendors, the barks of dogs, etc.",,
cachaca,music genre and style of cumbia from Paraguay,1975,cumbia
cacuriá,music genre and type of dance,,Brazilian folk dance
cadence rampa,genre of méringue music,,music of Haiti
cadence-lypso,French Caribbean music genre,1970,French Caribbean music
cakewalk,music genre and type of dance,,dance
calipso venezolano,music genre,,calypso
call and response,succession of two distinct phrases usually played by different musicians (in music),,
calophonic chant,music genre,,chant
calypso,style of Afro-Caribbean music that originated in Trinidad and Tobago,1900,music of the Caribbean
campursari,traditional songs covered in modern style,,music of Java
campus folk song,music genre,,traditional folk song
canary,classical dance music form,,classical music
cancan,classical dance music form based on a dance called cancan,,classical music
canción,genre of Latin American music,,music of Latin America
canción melódica,"genre of Spanish-language popular music typically defined by sentimental ballads with light, orchestral arrangements",1930,pop music
canción montañesa,music genre,,
candombe,style of music and dance,,music of Uruguay
candomblé music,music genre,,Brazilian folk music
candomblé song,music genre,,liturgical music
cant d'albades,music genre,,canto valenciano
cantata,vocal composition with an instrumental accompaniment,1600,classical music
cantautor music,music genre,,Latin music
cante alentejano,"polyphonic singing from Alentejo, southern Portugal",,polyphony
cante chico,subgenre of flamenco,,cante flamenco
cante flamenco,"Flamenco singing, one of the three main components of flamenco",,singing
cante jondo,musical form and style of flamenco,,cante flamenco
canti di guerra,music genre,,music of Italy
canticle,Christian song of praise with lyrics from biblical or holy texts other than the Psalms,,Christian hymn
cantiga,music genre,,song
cantiga de amigo,genre of the Galician-Portuguese lyric,,cantiga
cantiga de amor,genre of the Galician-Portuguese lyric,,cantiga
cantiga de escarnio e maldizer,genre of the Galician-Portuguese lyric,,cantiga
cantilena,genre of vocal music,,song
cantillation,ritual chanting of prayers and responses,,singing
cantiones natalitiæ,music genre,,polyphony
canto a lo poeta,music genre,,music of Chile
canto cardenche,music genre from Mexico,,a cappella
canto de labrada,music genre,,work song
canto nuevo,music genre from Chile,,nueva canción chilena
canto popular uruguayo,music genre,,nueva canción latinoamericana
canto valenciano,music genre,,Valencian folk music
cantopop,genre of popular music in the Cantonese language,,pop music
cantoria,music genre,,Brazilian folk music
cantos da aña,music genre,,Galician folk music
cantu a chiterra,music genre,,vocal music
cantu a tenore,"style of polyphonic folk singing characteristic of Sardinia, particularly the region of Barbagia",,polyphony
cantèra,tradition of plurivocal singing specific to Béarn and Bigorre,,
canzona,type of instrumental music of the 16th and 17th centuries that developed from the Netherlandish chanson,,classical music
canzone d'autore,music genre,1958,music of Italy
canzone del Mala,music genre,,
canzone genovese,music genre,,
canzone napoletana,genre of music related to the musical tradition of Naples,1250,traditional folk song
canzone sassarese,music genre,,music of Italy
canzonetta,Italian musical composition,,composed musical work
cançó de croada,music genre,,sirventes
cape jazz,genre of jazz that is performed in the very southern part of Africa,,South African jazz
capishca,music genre,,
capoeira music,music genre,,Brazilian folk music
caporal,music genre,,music of Bolivia
capriccio,"piece of music, usually fairly free in form and of a lively character",,classical music
car audio bass,music genre,,techno bass
caramelles,music genre,,
carimbó,rhythm and dance created by Amazon Indians,,dance
cariso,music genre,1780,Caribbean folk music
carnaval cruceño,music genre,,Hispanic American music
carnavalito,music genre and type of dance,,huayno
carnavalskraker,"Dutch music term; type of popular, festive song written for the (dutch) carnival season",,party music
carnival music,music genre,,holiday music
carnival song,"corpus and genre of several kinds of late 15th- and early 16th-century part song, notably mascheratas, carri and trionfi, performed at festivals in Florence, Italy; during the carnival season",,part song
carol,"joyful song that celebrates a seasonal Christian festive, most often Christmas but also the coming of Easter and Easter, appeared an accompaniment to medieval carole dance",1200,song
carol plygain,Welsh carols sung at dawn,,Christmas carol
carranga,folk music genre originating from Colombia,,rumba
cassation,minor musical genre related to the serenade and divertimento; comprises loosely assembled sets of short movements intended for outdoor performance by orchestral or chamber ensembles,,composed musical work
catalogue aria,"genre of opera aria in which the singer recounts a list of information (people, places, food, dance steps, etc.)",,aria
catch,type of round or canon at the unison,,round
cavatina,vocal piece in a smaller form than the aria,,aria
cayambe,music genre,,
caña,music genre,,
cello rock,subgenre of rock music,,rock music
cerdd dant,Welsh musical tradition of vocal improvisation over a given melody,,
cha-cha-chá,genre of Cuban music,,dance music
chaabi,music genres in North Africa,,music of North Africa
chacarera,"dance and music that originated in Santiago del Estero, Argentina",,music of Argentina
chain punk,music genre,,hardcore punk
chakacha,East African music and dance style,,Ngoma music
chakroelo,music genre,,polyphony
chalga,Bulgarian music genre,,Balkan pop-folk
chamamé,folk music genre from Northeast Argentina and Argentinian Mesopotamia,,folk dance
chamamé tropical,music genre,,chamamé
chamarrita,music genre,,Hispanic American folk music
chamarrita açoriana,music genre,,chamarrita
chamarrita rioplatense,music genre,,chamarrita
chamber folk,music genre,,contemporary folk music
chamber jazz,"genre of jazz involving small, acoustic-based ensembles where group interplay is important",,jazz
chamber music,form of classical music composed for a small group of instruments,,classical music
chamber pop,subgenre of indie pop or indie rock,1965,indie pop
chamber rock,subgenre of indie rock,1990,indie rock
champeta,musical genre and dance that originated in the Caribbean coast of Colombia in the early 1980s,1980,music of the Caribbean
chandé (Colombia),music genre,,
changa tuki,"subgenre of house music, lifestyle and dance from Venezuela",1997,house music
change ringing,art of ringing a set of bells in mathematical patterns,,music of the United Kingdom
changjak gugak,music genre,,music of Korea
changüí,style of Cuban music,,music of Cuba
chanson,lyric-driven French song,1450,song
chanson alternative,music genre,,chanson
chanson francarabe,music genre,,music of Algeria
chanson réaliste,Style of music performed in France,,chanson
chanson swing,music genre,,
chanson à texte,music genre whose literary quality is claimed,,chanson
chant,"broad type of religious or ritual songs, predominantly based on speaking or singing rhythmically, in words or sounds",,religious song
chaotic hardcore,music genre,,hardcore punk
chap hop,music genre,2007,comedy hip-hop
chapka,music genre,,song
character piece,musical composition,,classical music
chastushka,genre of Russian folk songs,,Slavic folk song
chazzanut,music genre,,chant
chicha,Peruvian music genre,,Andean music
chikipunk,music genre,,Peruvian rock
children's folk music,music genre,,folk music
children's music,music mainly intended for children,1900,popular music
children's musical,musical made for children,,musical play
children's pop,music genre,,pop music
children's rock music,music genre,,rock music
chilena,music genre and type of dance,,music of Mexico
chill-out music,form of electronic music characterized by slow tempos and relaxed moods,1992,electronic music
chillstep,genre of electronic music that has evolved from dubstep,2009,dubstep
chillsynth,music genre,2014,chillwave
chillwave,electronic pop genre from the late 2000s,2008,electronic music
chimayche,music genre,,huayno
chimurenga music,music genre,1970,music of Zimbabwe
chipmunk soul,genre of hip hop music,1999,hip-hop
chiptune,style of synthesized electronic music,1978,nerd music
chirimía,music genre,,
chobena,music genre,,
choi,song type,,traditional folk song
choir work,compositions for choir,,composed musical work
chonguinada,Peruvian dance,,
chopi timbila,"wooden xylophone of the Chopi people of southern Mozambique's Inhambane province. Made from mwenje wood with calabash resonators, played in orchestras of 5–30 instruments of varying sizes, accompanying complex polyrhythmic music and timbila dance",,lamellophone
chopped and screwed,remix technique and subgenre of hip-hop music,,hip-hop
chopper,music genre of hip-hop,,hardcore hip-hop
choral concerto,genre of sacred music which arose by Ukrainian composers in the Russian Empire in the middle of the seventeenth century,,a cappella
choral music,vocal music which is sung by a choir; musical form and vocal music genre,,vocal music
choral symphony,musical composition for orchestra and choir,,symphony
chorale,"German Protestant church hymn, and several musical forms (e.g. organ chorale, four-part chorale) derived from it",,hymn tune
chorale cantata,church cantata based on a (Lutheran) chorale,,choral music
chorale melody,melody of a German Protestant church hymn,,chorale
choro,Brazilian music genre,1875,music of Brazil
chorrillera,traditional Argentine musical genre,,
chotis madrileño,music genre,,schottische
chowtal,a form of folksong of North India's Bhojpuri region,,Hindustani classical music
chula,Portuguese music genre and dance,,Portuguese folk music
chumaichada,"typical dance from the Amazonas Region, Peru",,indigenous American dance
chuntunqui romántico,music genre,,music of Bolivia
church cantata,type of cantata intended to be performed during a liturgical service,,cantata
church music,Christian music written for performance in church,,liturgical music
chutney music,Folk music genre,1900,music of the Caribbean
chutney soca,Syncretic music genre combining chutney music and soca,,soca music
chèo,Vietnamese genre of musical theatre,,Vietnamese folk music
chöd,music genre,,Buddhist music
cibell,music composition in the Baroque era,,Baroque music
cielito,musical style and traditional dance from Argentina and Uruguay,,Argentinian folk dance
cifra,musical genre typical of Argentina and Uruguay,,music of Uruguay
cilokaq,music genre,,kroncong
cinematic classical,"music genre, grouping orchestral compositions generally associated with soundtracks to modern high-budget films, games, and other non-live media",,film score
cinematic soul,music genre,,soul
circle singing,music genre,,vocal music
circuit house,music genre,,house music
circus music,music genre,,functional music
citarodia,music genre,,
citharodia,"ancient Greek musical genre and event, singing to cithara",,
city pop,music genre,1970,pop music
classic Neapolitan song,music genre,,canzone napoletana
classic country,Music radio format playing mainstream country music hits from previous decades,,country music
classic female blues,music genre,1914,blues
classic hip hop,radio format,,hip-hop
classic psytrance,music genre,,psychedelic trance
classic rag,the style of ragtime composition pioneered by Scott Joplin and the Missouri school of ragtime composers,,classical music
classic rakugo,music genre,,rakugo
classic rock,music genre,,rock music
classic soul,genre and radio format,,soul
classic trance,group term of original trance music,,trance
classical crossover,style of music where classical music is performed in a popular modern style that is different to how that music was originally performed,,popular music
classical dance music,music genre,,classical music
classical electronic music,music genre fusing electronic music with classical music,,classical music
classical guitar music,music genre,,classical music
classical music,broad tradition of Western art music,500,art music
classical music of the United States,music genre or scene,,classical music
classical worship music,music genre,,classical music
clausula,musical term,,chant
clawhammer,Banjo playing style,,
clicks & cuts,music genre,,experimental electronic music
close harmony,music genre in traditional country,,traditional country music
cloud rap,subgenre of hip hop music,2006,hip-hop
clownstep,subgenre of drum and bass,2001,jump-up
club house,music genre,,house music
club/dance music,"group of musical genres, intended to be played in clubs; mostly includes electronic dance music genres since its inception in the late 1970s; sometimes the term is said to be covering disco and some other non-electronic dance genres",,dance music
clube da esquina,music genre or scene,,música popular brasileira
clubjazz,music genre,,jazz fusion
cobla,"music genre, characterizing music, played by cobla ensemble",,music of Catalonia
cock rock,genre of rock music,,rock music
cocktail nation,music genre,,easy listening
coco,music genre from Brazil,,music of Brazil
coimbra fado,music genre,1925,fado
coke rap,music genre,,gangsta rap
coladeira,Cape Verdean music genre,,music of Cape Verde
coldwave,music genre,1977,new wave
colindă,Christmas music from Romanian folklore with ritualistic and pagan roots; intangible cultural heritage,,Christmas carol
college folk,"Japanese music genre, trending in 1960s",,music of Japan
college rock,music genre,1985,alternative rock
collegiate a cappella,college-affiliated a cappella singing groups,,a cappella
colour bass,music genre,2014,brostep
colá,music genre,,music of Cape Verde
combat folk,music genre,,folk rock
comedy hip-hop,subgenre of hip hop music designed to be amusing or comedic,1988,hip-hop
comedy music,music genre,,music
comedy rock,rock music that is comedic,,rock music
comfy synth,music genre,2018,dungeon synth
communist rock,music genre,,rock music
complextro,subgenre of electro house music,2008,electro house
compositional music,"classical music written by a composer as a free artistic expression, in contrast to (improvised) rhythmic music or entertainment music and utility music",,classical music
comédie-ballet,genre of French drama which mixes a spoken play with interludes containing music and dance,,Baroque music
concept musical,music genre,,musical play
concert aria,music genre,,aria
concert overture,overture intended as an individual concert piece,,overture
concert spiritual,music genre,,spirituals
concert waltz,waltz composition not intended for dancing,,waltz
concertante music,music genre,,classical music
concertina band,music genre,,music of the United Kingdom
concerto,musical composition usually in three parts,,composed musical work
concerto for orchestra,type of concerto composed for an orchestra,,concerto
concerto grosso,form of baroque music,1681,concerto
conducted improvisation,music genre,,experimental music
conductus,"medieval song with serious, usually sacred, text in Latin verse",,medieval music
conga,"Cuban music style, rhythm",,music of Cuba
congada,ceremonial Afro-Brazilian dance in which the participants represent the coronation of the king of the Congo,,Brazilian dance
congdut,crossover music genre between keroncong and dangdut,,kroncong
congo capixaba,"Brazilian musical genre, typical of the coastal regions of Espírito Santo",,
congos,"Afrocolonial culture, musical genre and dance concentrated from Panama",,
congregational singing,practice of the congregation participating in the music of a church,,religious vocal music
conjunto,mix of traditional Mexican music and European polkas,1900,Mexican folk music
conjunto andino,music genre,,popular folk music
conscious hip-hop,hip hop genre,1960,rapping
conscious reggae,music genre,,reggae
consort song,music genre,,Elizabethan song
contemporary Christian music,genre of modern popular music lyrically focused on matters concerned with the Christian faith,1968,popular music
contemporary Japanese music,music genre,,music of Japan
contemporary Jewish religious music,music genre,,Jewish religious music
contemporary R&B,"popular music genre that combines rhythm and blues with elements of pop, soul, funk, hip-hop, and electronic music",1980,pop music
contemporary a cappella,music genre,,a cappella
contemporary bluegrass music,music genre,,bluegrass music
contemporary blues,music genre,,blues
contemporary classical music,post-1945 period in classical music,1945,modern classical music
contemporary commercial music,"term used by some vocal pedagogists in the United States of America to refer to non-classical music; encompasses jazz, pop, blues, soul, country, folk, and rock styles",,popular music
contemporary country,music genre,,country music
contemporary folk music,music genre,1920,folk music
contemporary instrumental music,music genre,,instrumental music
contemporary jazz,subgenre of jazz (1970-1980),,jazz
contemporary music,"music made today; colloquially, however, this expression is used to refer to music composed in the 20th and 21st century",,music
contemporary popular music,music genre,,popular music
contemporary singer-songwriter music,music genre,,contemporary music
contemporary vocal music,music genre,,vocal music
contemporary worship music,music genre,,church music
contenance angloise,musical polyphonic style,,polyphony
contra dance music,music played at contra dances,,folk dance music
cool jazz,sub-genre of jazz associated with the U.S. West Coast,1948,jazz
coon song,genre of music that presented a stereotype of black people,1840,comedy song
copla,Andalusian musical genre,,copla
coplas cajamarquinas,music genre,,music of Peru
core tribe,variant of gqom,,gqom
coronation anthem,piece of choral music written to accompany the coronation of a monarch,,anthem
corporate anthem,"song written to celebrate companies, motivate employees, or entice sponsors",,anthem
corrido,musical genre,,traditional folk song
corridos prohibidos,music genre,,regional Mexican
corridos tumbados,music subgenre,,sierreña
corsicana,music genre,,
cosmic black metal,atmospheric black metal subgenre that mixes elements of space rock/ambient,1994,atmospheric black metal
cosmic country,music genre,,country rock
cosmic disco,genre of disco,1975,disco
costillar,music genre and type of dance,,dance
country and Irish,musical subgenre in Ireland formed by mixing North American country style music with Irish influences,1964,country music
country blues,music genre,1927,blues
country boogie,country music that arose from western swing in the mid-1940s,,traditional country music
country folk,"music style, fusion of country and folk",1968,country music
country metal,musical subgenre; fusion between country rock and heavy metal,,heavy metal music
country music,genre of American popular music,1920,popular music
country music in Atlanta,overview of country music in Atlanta,,country music
country pop,fusion genre of country music and pop music,1975,pop music
country rap,music genre,1990,hip-hop
country rock,subgenre fusion of rock music and country music,1965,rock music
country soul,music genre,,soul
country yodel,music genre,,yodel
countrypolitan,"music genre, and evolution of the Nashville sound in the 1960s and 1970s focusing further on Pop music elements",,Nashville sound
couplet,"ambiguous, political, or satirical songs in an number of European countries, usually performed in cabaret settings",,song
coupé-décalé,music genre,2000,zouglou
courante,classical dance music form,,classical dance music
cowboy poetry,genre of poetry and storytelling,,poetry
cowboy pop,subgenre of country pop music,,soft rock
cowpunk,Punk rock subgenre and music scene,1982,punk music
crab canon,an arrangement of two musical lines that are complementary and backward,,
crabcore,music genre,,electronicore
crack rock steady,music genre,1993,hardcore punk
crank wave,music genre or scene,,post-punk
crime jazz,music genre,,jazz
cringe pop,sub-genre of the pop music,,pop music
criolla,genre of Cuban music which is closely related to the music of the Cuban Coros de Clave and a genre of Cuban popular music called Clave,,
crossbreed,"music genre, fusion of darkstep and hardcore techno",2006,hardcore
crossover,term applied to musical works or performers combining two or more genres,,composed musical work
crossover jazz,style of jazz that incorporates elements from other genres,1975,jazz
crossover prog,genre of music,,progressive rock
crossover thrash,music genre; musical fusion of thrash metal and hardcore punk,1985,hardcore punk
cruise,music genre,2019,electronic dance music
crunk,genre of hip-hop,1997,hip-hop
crunk&B,music genre,2004,crunk
crunkcore,crunk and post-hardcore music combo,2005,post-hardcore
crusade song,music genre,,medieval poetry
crust punk,music genre,1986,hardcore punk
crustgrind,music genre,,grindcore
csárdás,musical genre and form,,dance music
cuarteto,"musical genre born in Córdoba, Argentina",1940,music of Argentina
cuatro music,music from Latin American countries using the cuatro as its base instrument,,music of Latin America
cubaton,music genre,,reggaeton
cuddlecore,music genre,,twee pop
cueca,musical genre and folkloric dance of South America,,indigenous American dance
cueca brava,"music genre, Chilean song and dance",,Chilean cueca
cueca chilota,one of the regional variants of the Chilean homonymous dance,,Chilean cueca
cueca porteña,music genre,,Chilean cueca
cueca rock,music genre,,Chilean rock
cueca tradicional,music genre and type of dance,,Chilean cueca
cumbia,music genre and dance from Colombia,,tropical music
cumbia amazónica,music genre,,Peruvian cumbia
cumbia andina mexicana,music genre,,Andean music
cumbia boliviana,music subgenre,,cumbia
cumbia del sureste,music genre,,Mexican cumbia
cumbia lunática,music genre,,cumbia
cumbia norteña mexicana,music genre,,Mexican cumbia
cumbia norteña peruana,music genre,,Peruvian cumbia
cumbia pegassera,music genre,,cumbia
cumbia pop,Uruguayan music genre,,Latin pop
cumbia rap,music genre,1990,cumbia
cumbia rebajada,music genre,,cumbia sonidera
cumbia romántica,music genre,,cumbia
cumbia salvadoreña,music genre,,cumbia
cumbia sanjuanera,music genre,,Peruvian cumbia
cumbia santafesina,"musical style from Santa Fe, Argentina",,cumbia
cumbia sinfónica,music genre,,cumbia sonidera
cumbia sonidera,music genre,,Mexican cumbia
cumbia sureña,music genre,,cumbia
cumbia sureña peruana,music genre,,cumbia sureña
cumbia turra,style of cumbia Argentina springing from the turro urban tribe,,Argentine cumbia
cumbia venezolana,music genre,,cumbia
cumbia villera,Argentinian music genre,1999,Argentine cumbia
cumbiaton,music genre,,reggaeton
cumbión,music genre and type of dance,,dance
cuplé,"Spanish musical style, light and popular, which at times could be risqué and spicy by the standards of the time",,music of Spain
currulao,musical genre and folkloric dance,,music of Latin America
cururu,music genre; type of dance; rhythm,,Brazilian folk music
cuándo,music genre and type of dance,,Argentinian folk dance
cyber metal,subgenre of industrial metal,1995,industrial metal
cybergoth music,music genre,,industrial music
cybergrind,subgenre of grindcore and hardcore punk,,grindcore
cyberpunk music,music genre,,electronic music
cymrucana,music genre,,
cân llofft stabl,Welsh folk song sung by farm workers,,traditional folk song
cântec batrânesc,traditional form of ballad,,ballad
cải lương,form of modern folk opera in Vietnam,,music of Vietnam
da capo aria,musical form prevalent in the Baroque era,,Baroque music
dabke,Levantine folk dance and music genre,,Levantine Arabic music
daina,traditional form of music from Latvia,,Latvian folk music
dakka marrakchia,musical genre and form,,traditional folk music
dance,piece of music with a dance rhythm,,
dance band music,music genre,,dance music
dance music,music composed specifically to facilitate or accompany dancing,,entertainment music
dance-pop,dance-oriented pop music,1980,pop music
dance-punk,music genre,1975,post-punk
dance-punk revival,music genre,2000,dance-punk
dance-rock,post-disco genre,1983,rock music
dancecore,music genre,,hardcore
dancefloor drum and bass,"form of simpler, lighter and more melodic drum and bass",2004,drum and bass
dancehall,genre of Jamaican popular music,1970,reggae
dancehall pop,music genre,,pop music
dangak,genre of Korean court music,,Korean court music
dangdut,Indonesia-origin popular music genre,1960,popular music
danger music,experimental form of avant-garde music and performance art based on the concept that some pieces of music can or will harm either the listener or the performer,,experimental music
danjiri-bayashi,music genre,,matsuri-bayashi
dansband music,Swedish music genre,,pop music
dansbandspop,pop-inspired music played by dansbands,,dansband music
dansktop,music genre,1968,pop music
danza o habanera,music genre,,
danzón,music genre and type of dance,,music of Cuba
dappankuthu,music genre and type of dance,,Indian folk dance
dariacore,EDM microgenre,2020,electronic dance music
dark ambient,music genre,1988,ambient music
dark cabaret,genre of cabaret influenced by goth and punk,1980,popular music
dark disco,music genre,2013,electronic dance music
dark electro,music genre,1989,electronic body music
dark folk,subgenre of neofolk,,neofolk
dark garage,music genre,,UK garage
dark house,subgenre of house,,house music
dark industrial,music genre,,post-industrial music
dark jazz,music genre,,jazz
dark metal,subgenre of heavy metal,1994,extreme metal
dark music,music genre,,
dark plugg,music genre,2016,plugg music
dark pop,music genre,,alternative pop
dark progressive house,music genre,,progressive house
dark psytrance,subgenre of psytrance,1996,psychedelic trance
dark rock,music genre,,alternative rock
dark wave,music genre,1980,post-punk
darkcore,subgenre of breakbeat hardcore,1992,breakbeat hardcore
darkstep,subgenre of drum and bass,1997,drum and bass
darksynth,music genre,2010,synthwave
dashti,music genre,,Persian traditional music
dastgah music,music genre,,Persian traditional music
data sonification music,music genre,,experimental music
daycore,music genre,,vaporwave
death 'n' roll,fusion genre of death metal and rock 'n' roll,1992,death metal
death country,music genre,,country music
death industrial,subgenre of industrial music,,industrial music
death jazz,subgenre of jazz,,Japanese jazz
death metal,extreme subgenre of heavy metal music,1985,extreme metal
death-doom,genre of heavy metal music,1992,doom metal
deathchant hardcore,music genre,,hardcore
deathcore,fusion genre that combines metalcore and death metal,1986,metalcore
deathgrind,fusion genre of death metal and grindcore,1988,grindcore
deathrash,subgenre of heavy metal,1980,extreme metal
deathrock,rock music subgenre,1978,punk rock
deathstep,music genre,2010,brostep
debayashi,music genre,,hayashi
debayashi in rakugo,music genre,,yose-bayashi
dechovka,brass band genre popular in Czechia and Slovakia,,brass band music
deconstructed club,experimental electronic music genre,2010,experimental club music
deejay,form of reggae in which a deejay (similar to an MC in hip hop) talks his lyrics over a pre-recorded reggae rhythm,,reggae
deep drum and bass,music genre,,drum and bass
deep funk,subgenre of funk music,,funk
deep funk revival,music genre,,contemporary R&B
deep house,subgenre of house music that originated in the 1980s,1985,house music
deep soul,music genre,,soul
deep tech,music genre,2009,tech house
deep techno,subgenre of techno,,techno
deep trance,subgenre of trance music,,trance
deepkho,"rap and deep house combination, developed in France",2005,hip-hop
dek bass,music genre,,electronic dance music
demenzial rock,Italian music scene,,rock music
demostyle,music genre,,tracker music
dengbêjî,type of Kurdish folk song repertorie,,Kurdish folk music
dennery segment,music genre,,soca music
denpa song,Japanese music genre,1992,J-pop
densha shōka,music genre,,song
depressive black metal,music genre,1993,black metal
depressive darkness,music genre,,rapping
depro-punk,music genre,,punk rock
der song,"type of German ballad, sometimes close to a jazz rhythm, often parodic, grotesque, containing caustic satire and criticism of society",,
desamor,music genre,,Latin trap
descant,musical term with several meanings,,medieval music
descarga,Cuban improvised jam session; music genre,,music of Cuba
desert blues,music style of Northern Africa,,blues
desgarrada,Portuguese folk singing genre,,Portuguese folk music
dhaanto,music genre and type of dance,,folk dance
dhandhanggula,music genre,,tembang macapat
dhol tasha,music genre,,music of South Asia
dhrupad,ancient genre of classical Indian music,,Hindustani classical music
dialect music,music genre,,music of the Netherlands
dialogue,type of vocal music in which the opposition or success of different voices takes place; vocal musical genre in Italy and Protestant Germany of 16th century,1600,cantata
diane,music genre,,drumline
digicore,music genre,2018,hip-hop
digital cumbia,music genre,1997,cumbia
digital dancehall,music genre,,reggae
digital fusion,music genre,2005,electronic music
digital hardcore,music genre that melds hardcore punk with electronic music,1992,hardcore
digital rock,music genre,,rock music
dimotiko,Greek music genre,,Greek folk music
dirge,"somber song or lament expressing mourning or grief, such as would be appropriate for performance at a funeral",,song
dirty blues,blues music about taboo subjects,,blues
dirty rap,sexually explicit subgenre of hip hop,1997,hip-hop
dirty south,music genre,,hip-hop
disco,genre of dance music and a subculture that emerged in the 1970s from the United States' urban nightlife scene,1972,rhythm and blues
disco house,subgenre of house,,house music
disco polo,music genre,1988,dance-pop
disco rap,early disco-fused form of hip hop music,,old-school hip-hop
disco-funk,style of music combining disco and funk / soul from the late 1970s to today,,disco
disco-pop,genre of music,,disco
disk drive music,music created using an arrangement of disk drives and an Arduino controller,,electronic music
dissonant black metal,music genre,2001,black metal
dissonant death metal,music genre,1998,technical death metal
dithyramb,literary and music genre,,eulogy
diva house,subgenre of house,1988,house music
divertimento,"musical form; musical genre, with most of its examples from the 18th century",,composed musical work
divertissement,light piece of music for a small group of players; choreographic interlude in an opera or a dance suite inserted in a ballet,,classical music
diwan,music genre,,
djanba,music genre,,indigenous Australian music
djent,"musical genre, subgenre of progressive metal",1995,math metal
doble paso,reggaetón genre,,reggaeton
dobrado,music genre,,march
dohori,Nepalese folk music genre,,traditional folk song
doina,poetic and melancholic Romanian folk song,,traditional folk song
dolewave,Australian music genre or scene,,indie rock
dongjing,Chinese ritual music,,ritual music
doo-wop,style of rhythm & blues,1930,rhythm and blues
doom metal,subgenre of heavy metal music,1980,extreme metal
doomcore,"genre of hardcore EDM, featuring slow, sludgy sound with somber, terrifying, and post-apocalyptic atmosphere",1993,hardcore
doomerwave,music genre,2018,rock music
doomgaze,music genre,2001,post-metal
doomshop phonk,music genre,2011,Memphis rap
doskpop,music genre,1995,spacesynth
downer metal,subgenre of heavy metal,1976,heavy metal music
downtempo,electronic music genre,1988,chill-out music
downtempo deathcore,music genre,1991,metalcore
doyo,Japanese children's songs,,music of Japan
dream folk,music genre,,folk music
dream house,music genre,1992,house music
dream metal,subgenre of heavy metal,,heavy metal music
dream pop,music genre,1982,indie rock
dream trance,subgenre of trance music,1994,trance
dreampunk,music genre,2014,vaporwave
dreamwave,music genre,,synthwave
dreck-electro,music genre,,electronic dance music
drift phonk,music genre,2016,electronic music
drill,genre of hip-hop music,2010,hip-hop
drill and bass,subgenre of electronic music,1995,intelligent dance music
drinking song,song sung while drinking alcohol,,traditional folk music
drone ambient,music genre,1989,drone music
drone metal,subgenre of heavy metal,1992,metal music
drone music,minimalist music genre,1958,minimalist music
drone noise wall,subgenre of noise music,,drone music
drum and bass,electronic music genre,1992,electronic dance music
drum and bugle corps music,music genre,,marching band music
drum cadence,work played exclusively by the percussion section of a modern marching band,,percussion music
drumfunk,subgenre of drum and bass,1994,drum and bass
drumless hip hop,music genre,2007,hip-hop
drumline,section of percussion instruments usually played as part of a musical marching ensemble,,percussion music
drumstep,"genre of electronic dance music, fusion of drum and bass with dubstep",2007,brostep
dub music,music genre originating from Jamaica,1960,popular music
dub poetry,form of performance poetry,1975,poetry
dub reggae,music genre,,reggae
dub techno,subgenre of techno,1993,dubtronica
dubstep,genre of electronic dance music that originated in South London,2001,bass music (EDM)
dubstyle,music genre,2010,hardstyle
dubtronica,English music subgenre; electronic music influenced by dub music,,electronica
dubwise drum and bass,music genre,2004,drum and bass
dudácká muzika,music genre,,traditional folk music
duma,sung epic poem originating in Ukraine,,epic poem
dump,English musical genre from the 16th and early 17th centuries,,
dungeon chip,music genre,,dungeon synth
dungeon rap,music genre,,Memphis rap
dungeon sound,music genre,2006,dubstep
dungeon synth,music genre,1991,popular music
durma,music genre,,tembang macapat
dystopian music,music with dystopian themes,,
e-punk,music genre,,punk rock
e-saew song,song type,,traditional folk song
early American blues,music genre,,early acoustic blues
early R&B,music genre,1940,rhythm and blues
early acoustic blues,music genre,,acoustic blues
early baroque music,first period of musical production in Baroque style,1600,Baroque music
early country music,music genre,,traditional country music
early dancehall,music genre,1978,reggae
early hardcore,style of gabber,1990,gabber
early hardstyle,music genre,,hardstyle
early jazz,music genre,1900,jazz
early modern Japanese music,music of Japan,,music of Japan
early music,"music from the Middle Ages, Renaissance, and Baroque",,classical music
early ragga,music genre,1985,ragga
early reggae,music genre,1965,reggae
easy listening,popular music genre,1948,popular music
easy pop,music genre,,pop music
easycore,music genre,2004,metalcore
eccojams,music genre,,vaporwave
eclecticism in music,music genre,,eclecticism
eclogue,musical and theatrical genre,,
educational music,"genre of music in which songs, lyrics, or other musical elements are used as a method of teaching and/or learning",,functional music
egg punk,music genre,2014,art punk
egwu ogene,"Nigerian genre of music using the ogene as the main instrument, commonly found in South-East Nigeria",,Igbo music
eikyoku,music genre,,gagaku
electric Chicago blues,music genre,,electric blues
electric Delta blues,music genre,,electric blues
electric Memphis blues,music genre,,Memphis blues
electric Texas blues,music genre,,electric blues
electric blues,type of blues music,1945,blues
electric country blues,music genre,,electric blues
electro,"genre of electronic dance music that originated in the 1980s, characterized by the use of synthesizers, drum machines, and minimalistic, mechanical rhythms",1980,electronic dance music
electro deathcore,fusion of electro with deathcore,,deathcore
electro dub,music genre,,electronic music
electro funk,music genre,,funk
electro gqom,variant of gqom,,gqom
electro hip-hop,"1980s early hip-hop genre, influenced by electro music",1980,hip-hop
electro hop,"genre of electronic pop music that features rapping, which emerged and became popular in the mid-2000s under the influence of electropop, electro house and pop rap",2007,electronic pop
electro house,subgenre of house music,1997,house music
electro latino,musical genre,2008,electronic dance music
electro swing,music genre,1994,electronic dance music
electro trance,fusion of trance and electro (house),,trance
electro urban,style of music that appeared in the early 2000s and has the particularity of bringing together DJs of electro or house music with rappers,,house music
electro wave,permanent duplicate item of Q19938910,,
electro-R&B,genre of music combining electronic music and contemporary R&B,1999,electronic music
electro-disco,genre of disco music,1976,disco
electro-folk,genre of electronic music inspired by folk or using folk instruments as its basis,1990,electronic music
electro-goth,music genre,,electronic music
electro-industrial,music genre,1985,electronic music
electro-jazz,music genre,,jazz fusion
electro-orchestral music,music genre,,electronic music
electro-techno,music genre,,techno
electroacoustic improvisation,musical genre,,free improvisation
electroacoustic music,music genre,1956,electronic music
electroclash,genre of electronic dance music,1995,electronic dance music
electrogaze,music genre,,electronic music
electronic body music,music genre,1982,post-industrial music
electronic dance music,broad genre of electronic music,1977,electronic music
electronic forró,musical genre,,forró
electronic music,"music that mainly employs electronic musical instruments, digital instruments and circuitry-based music technology",1920,music
electronic pop,group of various pop music genres with an emphasis on electronic instruments or production,1969,pop music
electronic rock,music genre,1965,electronic music
electronica,broad group of electronic-based music genres,1991,electronic music
electronicore,fusion genre of metalcore and electronic music,2000,metalcore
electropop,"genre of electronic pop music that emerged in the late 1970s and gained mainstream popularity in the mid-2000s, defined by its crisp, compressed synthesizer sounds and warm, crunchy production style",1998,electronic pop
electrotango,music genre,2000,electronic dance music
elegy,"chamber piece of music of a thoughtful, sad tone",,composed musical work
eleki,music genre,1965,music of Japan
eletrobrega,music genre,2017,pop music
eletrofunk,music genre,2011,house music
elevator music,"subtype of background music, characterized by simple instrumental themes from ""soft"" popular music, or ""light"" classical music being performed by slow strings",,music on hold
embatērion,marching-song,,marching song
embolada,music genre,,coco
emo,"derivative of post hardcore rock music with emotional, introspective lyrics",1984,alternative rock
emo pop,"fusion genre combining emo with pop-punk, pop music, or both",1995,alternative rock
emo rap,fusion genre of hip hop and emo,2013,hip-hop
emo revival,2010s underground emo movement,,emo
emo rock,music genre,,emo
emo trap,music genre,,trap music
emo violence,music genre,,screamo
emotional hardcore,music genre,1984,emo
empfindsamkeit,style of musical composition developed in 18th-century Germany,1750,Baroque music
enka,Japanese music genre,1950,music of Japan
enka / kayokyoku,music genre,,enka
enka metal,music genre,,enka
ensalada,music genre,,polyphony
entechna laika,music genre,,laïko
entrée,march-like piece played during the entrance of a dancing group,,ballet
environmental music,music genre,,ambient music
epadunk,music genre,,music of Sweden
epic collage,music genre,2008,electronic music
epic doom metal,subgenre of doom metal,1985,doom metal
epic heavy metal,music genre,,heavy metal music
epic house,"music genre, cinematic, symphonic sound, often with long tracks",,progressive house
epic metal,sub-genre of heavy metal music,,heavy metal music
epic music,"form of cinematic classical, characterized by moving, dramatic and emotional melodies, heavy percussion, massive orchestral instrumentation focusing on prominent and repeating string, horn chord progressions, choral parts utilized to create tension",2001,cinematic classical
epinikion,genre of poetry: choral victory song in ancient Greek literature,,song
erotic-patriotic,music genre from Armenia,,music of Armenia
estampie,medieval dance and musical form,,dance
estilo,type of Argentinean folk music indigenous to the Pampas region,,Argentine folklore
estrada music,"musical genre, emerged in the Soviet Union",1930,popular music
ethereal wave,music genre,1982,post-punk
ethnic electronica,electronic music genre,,electronica
ethnic fusion,music genre,,world music
ethnic music,"music, the classification of which is based on the division by ethnic groups",,music
ethnic pop,"musical trend that seeks to integrate ethnic elements (musical structures, instruments, costumes) into pop music culture",,pop music
ethnic rock,subgenre of world music,,rock music
ethno jazz,music genre,1950,jazz
ethno metal,music genre,,metal music
ethnopop,music genre,,pop music
euphoric hardstyle,music genre,2008,hardstyle
euskal kantagintza berria,cultural movement born in the Basque Country during the 1960s inspired by nova cançó and chanson,,singer-songwriter music
event music,music composed or adapted for events,,functional music
execution ballad,music genre,,ballad
exotica,music genre involving tropical ersatz,1948,easy listening
experimental ambient,music genre,,ambient music
experimental big band,music genre,,big band
experimental club music,music genre,,electronic dance music
experimental dub,music genre,1992,dub music
experimental electro,music genre,,electro
experimental electronic music,music genre,,electronic music
experimental hip-hop,subgenre of hip-hop,,hip-hop
experimental jungle,music genre,,jungle
experimental music,a general label for any music or music genre that pushes existing boundaries and genre definitions,1960,music
experimental pop,pop music that cannot be categorized within traditional musical boundaries,,pop music
experimental rock,type of music based on rock,1966,rock music
experimental techno,music genre,,techno
expressionist music,western movement in music,1908,modern classical music
extempo,music genre,,calypso
extratone,subgenre of speedcore,2006,speedcore
extreme metal,any of a number of related heavy metal music subgenres,1977,metal music
fado,Portuguese music genre,1900,Portuguese folk music
falak,music genre,,Pamiri music
famo,"type of music from Lesotho, consisting of singing accompanied by the accordion, a drum, and occasionally a bass",1920,music of Southern Africa
fandango,popular dance and music genre typical of Spain and some places in Latin America,,Spanish folk music
fandango caiçara,music genre,,Brazilian folk music
fandanguillo of Guadahortuna,music genre,,fandango
fanfare,relatively short piece of music that is typically played brass instruments,,composed musical work
fantasia,free form musical interpretation; musical composition with a free form and often an improvisatory style,,composed musical work
far-right rap,music genre,,rapping
fast polka,music genre and type of dance,,polka
fauxbourdon,"composition technique in polyphonic music of Western Europe, mainly of the XV-XVI centuries; instrumental music genre in XVI century Spain",,
feminist music,music genre,,feminist art
fenta,music genre,,gangar
festejo,music genre and type of dance,1900,Afro-Peruvian music
festival progressive house,subgenre of house music,2008,house music
festival trap,music genre,2012,EDM trap music
fidget house,subgenre of house music,2005,electro house
field holler,historical type of vocal music,,work song
fife and drum blues,folk music,,blues
fife and drum corps,military musical ensemble,,marching band
fijiri,music genre,,singing
filin,Cuban song genre,,music of Cuba
filk,folk music of science fiction fandom,1940,nerd-folk
film score,"original music written specifically to accompany a film, part of the film's soundtrack",,film soundtrack
film soundtrack,recorded music accompanying and synchronized to the images of a motion picture,,soundtrack
filmi pop,music genre or scene,1966,Indian pop
filter house,music genre,,house music
final music,music genre; type of composition,,serenade
first wave black metal,music genre,1983,black metal
fixed media,"compositions that are recorded or produced in a fixed format, and cannot be altered or interacted with during a performance",,electronic music
fkirettes,music genre,,
flamenco,genre of Spanish music and dance,1774,folk dance
flamenco chill,music genre,,flamenco
flamenco jazz,music genre,1967,jazz
flamenco pop,music genre,,flamenco
flamenco rock,Spanish rock music genre,,rock music
flashcore,music genre,1998,experimental electronic music
flex dance music,music genre,2014,dancehall
folk and roll,music genre,1990,folk rock
folk baroque,music genre,1962,contemporary folk music
folk dance music,music genre,,traditional folk music
folk jazz,music genre,1955,jazz
folk metal,fusion genre of heavy metal music and traditional folk music,1991,metal music
folk music,"music meta-genre encompassing traditional folk music, contemporary folk music (evolved from the former during the 20th-century folk revival), and derivatives of these two branches",,music
folk punk,fusion of folk music and punk rock,1985,punk music
folk ragtime,music genre; subgenre of ragtime,,ragtime
folk revival music,music genre,,folk music
folk rock,fusion genre of folk and rock music,1964,rock music
"folk, world and country",music genre,,
folk-blues,music genre,,country blues
folk-polo,music genre,,popular folk music
folk-pop,music genre,,pop music
folkhop,genre of music that came about after decline of bhangra in the mid-1990s,,bhangra
folklore music,"the totality of the musical components of folklore, music that is a part of folklore performance",,traditional folk music
folktronica,"genre of electronic music which incorporates the sounds of acoustic instrumentation, with elements of folk music, commonly blended with sound of IDM and glitch-inspired editing and manipulation, as well as the tempo and atmosphere of downtempo",1993,electronica
fon leb,music genre and type of dance,,folk dance
football chant,song or chant usually sung at association football matches by fans,,song
footwork,music genre,2007,bass music (EDM)
footwork jungle,music genre,2011,drum and bass
forest psytrance,music genre,1998,psychedelic trance
forrocore,music genre,,
forró,music genre from the northeast region of Brazil,1900,dance music
forró de favela,music genre,,electronic forró
forró pé de serra,music genre,,
forró universitário,music genre,,forró
foxtrot,"musical rythm, style",,dance music
franco,"French-language music created in Quebec, in particular, and in French-speaking regions of Canada",,popular music
frapcore,music genre,,hardcore
frat rap,music genre,,pop rap
frat rock,musical subgenre of garage rock,1959,garage rock
freak folk,genre of folk music,1998,psychedelic folk
freak metal,subgenre of heavy metal,,metal music
freakbeat,subgenre/microgenre of rock and roll music,1965,garage rock
free car music,music genre,,drill
free folk,music genre,,psychedelic folk
free funk,music genre,1970,jazz-funk
free improvisation,subgenre of experimental music,1966,experimental music
free jazz,music genre,1960,avant-garde jazz
free rock,music genre,,rock music
free step,style of street dance,,street dance
free tekno,subgenre of hardtechno,1993,rave music
freeform hardcore,music genre,1995,hardcore
freestyle music,electronic dance music genre that fuses melodic vocal styles found in 1970s disco and 1980s dance-pop with synth instrumentation of electro and hip hop,1982,dance-pop
freestyle rap,a form of rap that relies on improvising music genre that fuses melodic vocal styles with instrumentation of hip hop,,rapping
freilach,"Jewish folk music genre, often in 4/4 or a stately 2/4 rhythm",,dance music
frevo,"dance and musical style originating from Recife, Pernambuco, Brazil",,music of Brazil
frevo de bloco,music genre,,frevo
frevo de rua,music genre,,frevo
frevo elétrico,music genre,,frevo
frevo-canção,music genre,,frevo
frottola,Italian song of the late 15th and early 16th century,,song
frühlingslied,"German songs to say goodbye to winter and greet the beginning spring, sung from the 13th to the 21st century",,song
fugue,contrapuntal musical form based on a subject that recurs in imitation,,classical music
fuguing tune,Variety of Anglo-American choral music,,choral music
fuji music,music genre from Yorubaland of Nigeria,,Yoruba music
full-on,subgenre of psytrance,1998,psychedelic trance
funaná,music genre from Cape Verde,1975,music of Cape Verde
functional music,"musical compositions composed or adapted to accompany activities or events, incite actions or emotions, or to use in particular locations",,music
funeral doom metal,heavy metal music genre,1991,doom metal
funeral march,"march, usually in a minor key",,march
funeral music,music for funerals or otherwise commemorating death,,event music
fungi,Musical style from British Virgin Islands,,Caribbean folk music
funk,"music genre that emerged in the 1960s, blending soul, jazz, and R&B, known for its syncopated basslines, groovy rhythms, and danceable energy",1965,popular music
funk 150 bpm,music genre,2017,funk carioca
funk automotivo,music genre,,funk mandelão
funk carioca,music genre originating from Rio de Janeiro,1980,Brazilian funk
funk consciente,music genre,,Brazilian funk
funk de BH,music genre,,Brazilian funk
funk mandelão,music genre,2016,Brazilian funk
funk melody,genre of Brazilian funk,1991,dance-pop
funk metal,subgenre of funk rock and alternative metal,1985,alternative metal
funk ostentação,Brazilian music style,2008,funk carioca
funk ousadia,music genre,2013,funk carioca
funk paulista,music genre,2013,funk carioca
funk proibidão,music genre,1990,funk carioca
funk rock,music genre that fuses funk and rock elements,1970,rock music
funk soul,genre of music,,soul
funkcore,music genre,,hardcore punk
funknejo,music genre,,sertanejo universitário
funkot,music genre,1999,electronic dance music
funkstep,subgenre of UK funky,2012,UK funky
funktronica,music genre,2001,electronica
funky breaks,subgenre of breakbeat,,breakbeat
funky house,subgenre of house music,1993,house music
furiant,Bohemian dance,,Czech folk dance
furniture music,background music for live performance; term coined by French composer Erik Satie,1917,classical music
fusion gugak,music genre,,music of Korea
future bass,EDM music genre originating in the 2010s,2010,bass music (EDM)
future bounce,music genre that fuses Melbourne bounce and future house,2015,future house
future core,music genre,,UK hardcore
future funk,music genre,2010,house music
future garage,genre of electronic music,2005,UK garage
future house,subgenre of house music,2013,house music
future rave,genre of electronic dance music,2019,electronic dance music
future riddim,music genre,2019,riddim
future trap,music genre,,EDM trap music
futurepop,genre of electronic dance music,1993,synth-pop
futurism,20th-century movement in music,1909,experimental music
futuristic swag,music genre,,pop rap
g-house,"deep, dark form of house music that primarily incorporates rap samples or original rapping on top of minimal, bassy beats",2013,house music
gaana,music genre of Tamil Nadu,,music of Tamil Nadu
gabber,subgenre of hardcore techno music,1992,hardcore
gabber metal,fusion of gabber and metal,,hardcore
gabber punk,music genre,,punk rock
gabberpop,genre of music combining gabber and pop,,pop music
gacha pop,music genre,,
gaga,Haitian music genre,,
gagaku,Japanese music genre,,traditional Japanese music
gagok,Korean lyric song cycles accompanied by an orchestra,,jeongak
gahu,music genre,,African folk music
gaita zuliana,Venezuelan music style,,music of Venezuela
galliard,form of Renaissance dance and accompanying music,,Renaissance music
galopa misionera,music genre and type of dance,,Argentinian folk dance
gambang koromong,music genre,,music of Tibet
gambang semarang,music genre,,music of Java
gambus,music genre,,music of Southeast Asia
game piece,concept in experimental music,,music genre
gamelan,style of traditional music originated in the island of Java in Indonesia,,Southeast Asian classical music
gamelan angklung,music genre,,Gamelan Bali
gamelan bebonangan,type of gamelan beleganjur,,gamelan beleganjur
gamelan beleganjur,type of Balinese gamelan music,,Gamelan Bali
gamelan bungbang,style of gamelan music,,gamelan
gamelan degung,Sundanese gamelan style,,gamelan
gamelan gadhon,style of gamelan music,,gamelan
gamelan gambang,style of gamelan music,,gamelan
gamelan gender wayang,Balinese variant of gamelan,,Gamelan Bali
gamelan gong gede,ceremonial type of Gamelan music from Bali,,Gamelan Bali
gamelan gong kebyar,Balinese gamelan variant,1915,Gamelan Bali
gamelan jegog,form of Gamelan music originating from the island of Bali,,Gamelan Bali
gamelan joged bumbung,style of gamelan music; dance,,gamelan
gamelan keraton yogyakarta,style of gamelan music,,gamelan
gamelan mandolin,style of gamelan music,,gamelan
gamelan munggang,ensemble of instruments,,gamelan
gamelan pelog salendo,style of gamelan music,,gamelan
gamelan salendro,style of gamelan music,1000,gamelan
gamelan sekaten,style of gamelan music,,gamelan
gamelan semar pegulingan,style of Balinese gamelan music,,Gamelan Bali
gamelan siteran,style of gamelan music,,gamelan
gamelan surakarta,style of gamelan music,,Javanese gamelan
gammeldansmusikk,umbrella term for Nordic traditional folk dance music; music to dance Gammaldans to,,folk dance
ganga,type of singing that originated from rural Dinaric mountain region,,polyphony
gangar,music genre and type of dance,,folk dance
gangsta rap,genre of rap music,1985,hardcore hip-hop
garage house,subgenre of house music,1983,house music
garage pop,music genre,,rock music
garage psych,music genre,,psychedelic rock
garage punk,music genre,1977,punk rock
garage rock,subgenre of rock and roll music,1960,rock music
garage rock revival,subgenre of garage rock,1978,indie rock
garba,Indian folk dance that originated from the state of Gujarat,,music of India
gaucha music,music genre,,
gauchito,native Argentine dance,,Argentine folklore
gavotte,classical dance music form,,composed musical work
geek rock,genre of rock music,1995,alternative rock
gejog lesung Yogyakarta,music genre,,
gekiban music,"music genre and accompaniment music played in movies, TV dramas, plays and anime",,score
generative improvisation,type of free musical improvisation,1992,free improvisation
genge,music genre,,hip-hop
gengetone,music genre,,genge
genios de Andalucía,Spanish music genre,,
geonjeon gayo,musical propaganda genre promoted by the South Korean government during military dictatorships,,music of South Korea
geza ongaku,music genre,,sound effect
gezang,"song intended to be sung during Netherlands Protestant religious services, excluding songs adapted from the Book of Psalms",,mass
gezi,music genre,,Chinese traditional music
ghazal,"form of poetry in South Asia and the Middle East, whose first and every even-numbered lines rhyme",,strophe
ghetto club,"loose category of electronic music genres, that share characteristics derived from Miami bass and ghetto house music scenes",,electronic dance music
ghetto funk,music genre,,glitch hop (EDM)
ghetto house,sub-genre of house music,1992,house music
ghettotech,genre of electronic music originating from Detroit,1994,ghetto house
ghost dance song,music genre,,a cappella
giddha,folk dance,,Asian folk dance
gigue,type of dance; classical dance music form,,classical dance music
ginans,Muslim Ismaili Nizari religious literature,,Islamic music
girisa,music genre,,tembang tengahan
glam metal,genre of heavy metal music,1979,hard rock
glam music,"music genre, encompassing various styles related to glam rock",,popular music
glam punk,subgenre of punk rock,1975,glam rock
glam rock,"style of rock music that developed in the United Kingdom in the early 1970s performed by musicians who wore outrageous costumes, makeup, and hairstyles, particularly platform shoes and glitter",1969,rock music
glee,English type of part song,,part song
glitch,music genre,1990,glitch art
glitch hop,"electronic genre, characterized by its incorporation of originally IDM-derived production into a hip hop setting",1998,hip-hop
glitch hop (EDM),"electronic dance music genre, form of glitch hop taking heavy influence from trending EDM genres",2007,electronic dance music
glitch pop,music genre,1993,pop music
glitter rock,music genre,,glam rock
go-go,"high-energy subgenre of funk music from Washington, D. C.",1962,funk
golden age hip-hop,"name given to mainstream hip hop music created in the mid/late 1980s and early 1990s, particularly by artists and musicians originating from the New York metropolitan area",,hip-hop
gombhira,music genre,,comedy song
gommance,music genre,,dancehall
gondang,music genre,,Austronesian music
goombay,musical genre,,music of the Caribbean
goregrind,subgenre of grindcore,1988,grindcore
gorenoise,music genre,1996,goregrind
gospel blues,form of blues-based gospel music,1890,blues
gospel gqom,variant of gqom,2020,gqom
gospel house,music genre,1987,house music
gospel hymn,"type of religious song from US church music, especially from the 19th century",,gospel music
gospel music,genre of music emphasizing Christian lyrics,1600,Christian music
gospel reggae,music genre,1968,reggae
gospel trap,Christian hip hop genre with trap beats,,Christian hip-hop
gothabilly,music genre,,gothic music
gothic country,music genre,,alternative country
gothic death-doom,music genre,,death metal
gothic doom metal,music genre,,doom metal
gothic metal,genre of heavy metal music,1990,metal music
gothic music,music genre,,alternative music
gothic punk,music genre,1978,punk rock
gothic rap,rap music genre,,rapping
gothic rock,musical subgenre of post-punk and alternative rock,1979,alternative rock
gothic symphonic rock,music genre,,symphonic rock
gqom,subgenre of house music from South Africa,2012,house music
gqom tech,variant of gqom,,gqom
gqom trap,fusion of gqom and trap music,,gqom
graphical sound,sound recording from images drawn directly onto film or paper,,electronic music
grebo,"short-lived subgenre of alternative rock that incorporated influences from punk rock, electronic dance music, hip hop and psychedelia",1986,alternative dance
grime,"genre of electronic music originating from England, United Kingdom",2001,rapping
grindcore,subgenre of extreme metal,1985,hardcore punk
grindie,form of music that emerged in early 2006. It is a fusion of both indie or alternative and grime music,2006,indie rock
grindviolence,subgenre of grindcore and powerviolence,,grindcore
griot music,music genre,,music of West Africa
groove metal,subgenre of heavy metal,1990,extreme metal
groovy soca,music genre; subgenre of soca,1970,soca music
ground beat,music genre,,
group sounds,genre of Japanese rock music,1967,beat music
grunge,genre of rock music,1985,alternative rock
grunge revival,music genre,,grunge
grungecore,subgenre of grunge,,grunge
grungegaze,music genre,,shoegaze
grupera,musical genre; subgenre of regional Mexican,1970,regional Mexican
guajira,music genre,,music of Cuba
guaracha,Cuban music genre of rapid tempo and comic or picaresque lyrics,2016,music of Cuba
guaracha santiagueña,music genre,,music of Argentina
guarania,musical genre originating in Paraguay,,Hispanic American music
guardia nueva,musical period in which tango reaches the pinnacle of its worldwide diffusion,1917,
guayla,music genre,,Tigrinya music
guitarrada,music genre,,lambada
gumbé,"music genre, a West African style of music found in countries such as Sierra Leone and Guinea-Bissau",1973,zouk
guoyue,music genre,,music of China
gusle music,music genre,,Serbian folk music
gwerz,lament in Breton language,,lamentation
gwo ka,music genre and type of dance,,music of Guadeloupe
għana,traditional Maltese performative art involving sung poetry and music,,European folk music
habanera,music genre and type of dance,1900,dance
halekačky,Czech children's pastoralist songs or yodels,,music of the Czech Republic
halfstep,subgenre of drum and bass,,drum and bass
halftime,"term, used to group drum and bass playing at half its normal pace (up to late 2000s), which evolved into specific music genre with its own sound in the early 2010s",2011,drum and bass
handbell music,genre of music performed using handbells,,instrumental music
hands up,genre of music,2001,Eurotrance
hanmai,music genre,,rapping
haozi,music genre,,work song
hapa haole,music genre,,music of Hawaii
happy hardcore,music genre,1992,hardcore
happy rock,musical movement,2009,rock music
harana,A traditional form of nocturnal courtship music in the Philippines.,,music of the Philippines
harawi,traditional genre of music and poetry of indigenous peoples of the Andes,,Andean music
hard IDM,music genre,,hardcore
hard NRG,hard form of dance music,1994,trance
hard beat,"music genre blending EBM, new beat and acid house",1989,new beat
hard bop,"subgenre of jazz that is an extension of bebop (or ""bop"") music",1955,bebop
hard dance,category of hard-hitting electronic dance genres,1992,electronic dance music
hard drum,"EDM music genre, highly percussive, syncopated rhythms, influences from global contemporary genres, and lack of melodic elements, with a tempo lingering between 130 BPM",2015,electronic dance music
hard house,subgenre of house music,1992,house music
hard renaissance,music genre,,hardcore
hard rock,"genre of rock music often characterized by chordal guitar riffs accompanied by root notes on the bass guitar and ""big"" drums",1967,rock music
hard techno,subgenre of techno music,,techno
hard trance,subgenre of trance music,1992,trance
hard trap,music genre,2012,EDM trap music
hardbag,music genre,1990,diva house
hardbass,Russian musical genre,2001,pumping house
hardcore,genre of electronic dance music,1989,electronic dance music
hardcore breaks,subgenre of breakbeat hardcore fusing modern production with oldschool breaks,2000,breakbeat hardcore
hardcore hip-hop,subgenre of hip-hop,1988,hip-hop
hardcore psycho rap,rap music genre,1995,hip-hop
hardcore punk,aggressive and fast subgenre of punk rock,1978,punk rock
hardcore ragga,music genre,,dancehall
hardgroove techno,"style of techno that emerged in the mid-1990s, known for use of shuffling percussion, often as densely layered polyrhythms, and often involving a combination of sampled percussion and drum machines",1993,techno
hardstep,music genre,1994,drum and bass
hardstyle,genre of electronic dance music,1998,hard dance
hardtek,music genre,2005,rave music
hardtekk,music genre,,electronic dance music
hardvapour,online musical subgenre of vaporwave,2015,electronic dance music
hardwave,electronic bass music genre,2017,wave
harmonica blues,style of blues music that features the harmonica player,,blues
harping,folk tradition of playing the harp,,traditional folk music
harsh,music genre,2000,rock music
harsh noise,subgenre of noise music,,noise music
harsh noise wall,subgenre of harsh noise,,harsh noise
hatecore,music genre,,hardcore punk
hauntology,music genre that evokes cultural memory and the aesthetics of the past,2000,music
hauta,music genre,,early modern Japanese music
hayashi,group of musical performers,,traditional Japanese music
heartland rock,rock music genre,1975,rock music
heaven trap,music genre,2014,EDM trap music
heavy metal music,"genre of rock music characterized by slack-tuned instruments, and unconventional changes of tonality (key) and time signature (metre)",1970,metal music
heavy psych,music genre,,hard rock
heikyoku,music genre,,traditional Japanese music
heroic ballad,genre of medieval ballad,,medieval ballad
hi-tech full-on,music genre,,trance
hi-tech psytrance,music genre,2005,dark psytrance
high brow,jazz music genre,,jazz
highlife,musical genre originating in Ghana,1965,music of West Africa
hill country blues,country blues and music genre from United States of America,,country blues
hill tribe music,music genre,,music of Southeast Asia
hillbilly music,music genre,,traditional country music
hip hop galsen,music genre,,Senegalese hip hop
hip hop tuga,Portuguese music genre or scene,1992,music of Portugal
hip house,musical genre that mixes elements of house music and hip hop music,1988,rapping
hip-hop,rhythmic music accompanied by rhyming speech,1973,popular music
hip-hop soul,"subgenre of contemporary R&B music, most popular during the early and mid 1990s, which fuses R&B, gospel or soul singing with hip-hop musical production.",1990,contemporary R&B
hipco,Liberian rap music genre close to hip hop rap,,hip-hop
hiplife,"a Ghanaian fusion of classic highlife rhythms and melodies with hip hop’s rapped delivery, drum programming, and sampling aesthetics",1990,hip-hop
hipster hop,microgenre of alternative hip hop,2005,alternative hip-hop
historia,music genre,,church music
historical ballad,genre of medieval ballad,,medieval ballad
historical folk song,music genre,,traditional folk song
historical musical,musical based on history or historical events,,musical play
históriás ének,"particularly Hungarian epic or artistic genre, which developed in the 16th century, during the Turkish occupation",,vocal music
hokum,type of song in American blues,,classic female blues
holboo,music genre,,vocal music
holehole bushi,Minyo music in Hawaii,,traditional folk music
holiday music,group of musical categories and genres thematically related to certain holidays and their celebration,,popular music
holler blues,blues music sung in holler style,1850,blues
holy minimalism,term used to describe the musical works of a number of late-twentieth-century composers of Western classical music,1970,minimalist music
holy terror,music genre,,hardcore punk
honky tonk,genre of country music,,country music
honky-tonk piano,subgenre of ragtime,1950,ragtime
hookah rap,"loose style of rap music that emerged in post-Soviet countries in the late 2010s, whose performers are characterised by a Caucasian accent, pop-themed lyrics and oriental melodies",,pop rap
hopepunk music,music genre,,
hornpipe,music genre,,music of Europe
horo music,music genre,,Bulgarian folk music
horror film score,music used and often specially written for films in the horror genre,,film score
horror metal,music genre,,extreme metal
horror music,music genre,,functional music
horror punk,music genre that mixes proto-gothic and punk rock sounds with morbid and violent imagery and lyrics which are often influenced by horror films and science fiction B-movies,1978,punk rock
horror synth,music genre,1979,synth music
horrorcore,subgenre of hip-hop based in horror-themed lyrical content and imagery,1990,hip-hop
hot jazz,term used to encompass all jazz styles prior to 1930,,jazz
hot rod music,music genre,,surf music
hot rod revival,music genre,,hot rod music
hotel pop,music genre,,pop music
house music,"electronic dance music genre, that originated in Chicago, United States, in the early 1980s",1982,electronic dance music
huapango,Mexican folk dance and music style,,Mexican folk dance
huaylarsh,music genre and type of dance,,dance
huayno,Andean dance and music genre,,Andean music
huayno ancashino,music genre,,huayno
humoresque,genre of Romantic music characterized by pieces with fanciful humor in the sense of mood rather than wit,,composed musical work
humorous baroque music,music genre,,Baroque music
humppa,musical genre originating from Finland,,schlager music
hunting music,"music for the hunt, which contains hunter's marches, fanfares, and dedicated compositions",,functional music
hunting signal,music genre,,bugle call
hyangak,genre of Korean music,,Korean court music
hybrid trap,music genre,2012,EDM trap music
hymn,combination of text and tune specifically written for the purpose of adoration or prayer,,song
hymn concertato,genre of hymn arrangement for choir,,Christian hymn
hymn setting,musical setting of a hymn tune including accompaniment,,hymn
hymn tune,melody of a musical composition to which a hymn text is sung,,melody
hype trap,music genre,,trap music
hyper techno,1990s Japanese EDM music genre,,rave music
hyperpop,electronic music genre,,experimental pop
hyperrealism,music genre,,
hypertechno,2020s EDM genre,,electronic dance music
hypertone,subgenre of speedcore,,speedcore
hyphy,music genre,1998,hip-hop
hypnagogic pop,"music genre, derivation of neo-psychedelia and pop music",1999,neo-psychedelia
hypnotic trance,subgenre of trance music,,trance
hát lô tô,music genre,,music of Vietnam
hò khoan,Vietnamese folk music song style,,Vietnamese folk song
icaro,Amazonian ritual song,,ritual song
idol kayō,music genre,,kayōkyoku
ikorodo,traditional Igbo style of music,,Igbo music
ikos,type of hymn,,hymn
illbient,music genre,1994,electronic music
illustrated song,a type of performance art,,song
imayō,Japanese poetic form,,Japanese poetry
impressionist music,style of Western classical music,,modern classical music
impromptu,musical form,,classical music
incelenças,music genre,,
incidental music,"musical composition for a play, television program, radio program, video game, or some other presentation form that is not primarily musical",,theatre music
independent music,collective term for music scene that acts independently of corporate music industry,,music
indeterminacy,music for which the composition or performance is determined by chance,1951,experimental music
indie classical,genre of music,,classical music
indie dance,electronic dance music genre,,electronic dance music
indie folk,music genre,1990,independent music
indie hip-hop,music genre,,hip-hop
indie pop,genre of pop music within independent music movement,1980,pop music
indie rock,"genre of rock music, subgenre of alternative rock",1981,alternative rock
indie sleaze revival,"music genre or scene, subculture",,electronic dance music
indie surf,music genre,2009,indie rock
indietronica,genre of music,1993,independent music
indigenous American folk music,meta-genre which encompasses traditional forms of music attributed to the indigenous peoples of the Americas,,traditional folk music
indigenous American music,music attributed to the indigenous peoples of the Americas,,music of the Americas
indigenous Australian music,music of Aboriginal Australians and Torres Strait Islanders,,indigenous music
indigenous Nigerian music,music genre,,indigenous music
indigenous Taiwanese music,music genre,,music of Taiwan
indigenous metal music,music genre,,indigenous music
indigenous music,both traditional and contemporary music of indigenous ethnic groups,,ethnic music
indigenous music of Canada,music genre,,music of Canada
indigenous music of North America,musical styles and genres developed by the indigenous peoples of North America,,indigenous American music
indigenous music of South America,musical styles and genres developed by the indigenous peoples of South America,,indigenous American music
indigenous rock,"style of music which mixes rock music with the instrumentation and singing styles of Indigenous peoples, mostly widespread in Australia, Canada and Ecuador",1980,rock music
industrial coldwave,music genre,,industrial music
industrial dance,US term for EBM,1982,electronic dance music
industrial drum and bass,music genre,,drum and bass
industrial folk music,music genre,,traditional folk music
industrial hardcore,music genre,1990,hardcore
industrial hip-hop,subgenre of hip-hop,1985,post-industrial music
industrial metal,Music genre; fusion of heavy metal and industrial music,1988,post-industrial music
industrial music,music genre,1975,experimental music
industrial musical,music genre,,musical play
industrial pop,music genre,,pop music
industrial rock,music genre,1976,rock music
industrial techno,subgenre of techno,1990,techno
inkiranya,influential drumming style originating in Burundi carried out by a percussion ensemble,,art music
insertion aria,aria added to previously unrelated operatic composition,1650,aria
inspection march,type of military march,,military march
instrumental aria,instrumental style of aria,,aria
instrumental country,music genre,,country music
instrumental gospel,music genre,,gospel music
instrumental hip-hop,music genre,,hip-hop
instrumental jazz,genre of music,,jazz
instrumental music,music without spoken or sung language,,music
instrumental pop,music genre,,pop music
instrumental rock,type of rock music,1960,rock music
instrumental romance,"simple musical pieces for instruments alone, with sentimental themes",,romance
instrumental solo piece,composition written to be played by a single performer,,instrumental music
integral serialism,musical movement,,serialism
intelligent dance music,style of electronic music,1992,electronic dance music
intelligent drum and bass,subgenre and category of drum and bass,1994,drum and bass
intermezzo,opera genre,,composed musical work
international pop,music genre,,pop music
internet music,music genre or style,,
intuitive folk,genre of folk music,,
intuitive music,form of musical improvisation,1968,musical improvisation
isicathamiya,singing style,,a cappella
isolationism,music genre,,dark ambient
jackin' house,music genre,2001,house music
jaiva,subgenre of South African township music,1980,music of South Africa
jam band music,musical genre associated with jam bands,1968,rock music
jamgrass,music genre,1993,progressive bluegrass
jangle pop,music genre,1978,alternative rock
janissary music,"music of the Turkish Ottoman military orchestras, known as Janissary band",,music of Turkey
japga,Korean traditional music genre,,Korean folk music
jawaiian,music genre,,music of Hawaii
jazz,musical style and genre,1917,popular music
jazz blues,music genre,,jazz
jazz fusion,"music genre that developed in the late 1960s when musicians combined jazz harmony and improvisation with rock music, funk, and rhythm and blues",1950,jazz
jazz guachaca,music genre,,music of Chile
jazz guitar,jazz instrument and associated playing style,,guitar
jazz house,subgenre of house music,,house music
jazz mugham,music genre,,music of Azerbaijan
jazz of the United States,music genre or scene,,jazz
jazz poetry,Genre of poetry,,jazz
jazz pop,music genre,1975,pop music
jazz rap,music genre,1985,hip-hop
jazz rock,music genre covering fusion of jazz and rock,1960,rock music
jazz standard,"musical composition considered an important part of the musical repertoire of jazz musicians; composition that is widely known, performed, and recorded by jazz musicians, and widely known by listeners",,jazz
jazz trombone,role of the trombone in jazz music,,instrumental jazz
jazz trumpet,jazz performing style,,instrumental jazz
jazz waltz,music genre,,jazz
jazz yoik,music genre,,jazz
jazz-funk,subgenre of jazz music,1972,jazz
jazzcore,music genre,,punk jazz
jazzdance,"vague synonym for electronica and jazz music fusion, related to acid jazz and other music in a similar style",,nu jazz
jazziskelmä,music genre,,schlager music
jazzstep,drum'n'bass subgenre,1994,intelligent drum and bass
jeongak,music genre,,Korean court music
jerk,music genre emerged in the early 2020s,2020,hip-hop
jerk rap,music genre,2009,hyphy
jig,folk dance and musical form,,Baroque dance
jigg,hip hop music genre,,hip-hop
jilala music,music genre,,Maghreb music
jingle,short song or tune used in advertising and for other commercial uses,,composed musical work
jinku,Japanese traditional folk song,,min'yō
jiuta,music genre,,utaimono
jive,music genre,,jazz
jocular ballad,genre of medieval ballad,,medieval ballad
joik,Northern Saami music tradition,,song
jongo,music genre and type of dance,,dance
jook,music genre,2003,hip-hop
jor,formal section of composition in the long elaboration (alap) of a raga that forms the beginning of a performance,,
joropo,folk music genre and traditional dance of Venezuela and Colombia,,folk dance
joropo llanero,festive music of the Llanos of Colombia and Venezuela.,,folk dance
jota,music and type of dance,,dance music
jota segoviana,music genre and type of dance,,folk dance
jovem guarda,Brazilian musical and cultural movement; music genre,,beat music
jubilee,music genre,,gospel music
jug band,band employing a jug player,,blues
juke,music genre,1997,ghetto house
juke joint blues,music genre,,blues
jukebox musical,stage or film musical compiled from pre-existing songs,,musical play
jump blues,up-tempo blues usually played by small groups and featuring horns,1938,blues
jump-up,genre of drum and bass,1995,drum and bass
jumpstyle,electronic dance music genre,,hard dance
jungle,electronic music genre; subgenre of drum and bass,1987,drum and bass
jungle dutch,style of breakbeat kota that developed in Indonesia in the late 2010s,2016,breakbeat kota
jungle techno,music genre,,breakbeat hardcore
jungle terror,music genre,2011,bass music (EDM)
junkanoo,highly rhythmic Bahamian style of music which traditionally accompanies the arts festival and street parade of the same name,,music of the Caribbean
jurudemung,music genre,,tembang tengahan
jytä,music genre,,
jōruri,traditional Japanese narrative music in which a tayū sings to the accompaniment of a shamisen,,performing arts in Japan
kaani,music genre,,
kaboela,Surinamese music and dance style,,dance
kabuki music,music genre,,theatre music
kacapi suling,Indonesian musical style,,Sundanese music
kai,style of overtone singing in Altai,,overtone singing
kaiso,music genre,,
kakawin,music genre,,music of Indonesia
kalanta,genre of Greek Christmas songs,,song
kalattut,music genre,,Greenlander music
kalindula,music genre; type of bass guitar,,bass guitar
kaluyo,Argentine traditional dance and music genre,,music of Argentina
kan ha diskan,type of traditional music of Brittany,1850,singing
kaneka,Caledonian music genre,1984,music of New Caledonia
kangpunk,music genre; early form of D-beat,,D-beat
kankyō ongaku,Japanese ambient genre,,environmental music
kantan chamorrita,music genre,,music of Micronesia
kanto,musical genre,,music of Turkey
kantrum,music genre,,Khmer music
kapuka rap,music genre,,boomba music
karaoke music,music genre,,
karawitan,Javanese music ensemble,,Javanese gamelan
kaseko,musical genre from Suriname,,music of the Caribbean
kaskawi,music style,,kaseko
katarimono,Japanese music style,,music of Japan
katta ashula,style of singing,,singing
kawaii future bass,music genre,2013,future bass
kawaii metal,subgenre of metal music,2010,metal music
kawih,Sundanese style of traditional folk song,,popular music
kawina,music genre from Suriname,,
kayo rock,music genre,,Japanese rock
kayōkyoku,Japanese pop music genre,1950,music of Japan
keening,vocal lament for the dead,,traditional folk song
keisatsu uta,music genre,,song
keller synth,music genre,,dungeon synth
kendang mabarung,type of Balinese gamelan,,Gamelan Bali
kete,music genre,,art music
ketuk tilu,music genre and type of dance,,Sundanese dance
khaleeji jalsat,music genre,,Khaliji
khaleeji shailat,music genre,,Khaliji
khaliji folk music,music genre,,Khaliji
khaliji hip-hop,music genre or scene,,hip-hop
khaliji pop,music genre or scene,,pop music
khaliji tarab,music genre,,Khaliji
khrueang sai,music genre; musical ensemble,,Thai classical music
kidandali,subgenre of house music,,music of Uganda
kidumbaki,music genre,,music of East Africa
kilalaky,music genre,,
kilapanga,music genre,,African folk music
kinah,Hebrew for a lament,,lamentation
kinanthi,music genre,,tembang macapat
kirtan,musically recited story in Indian traditions,,South Asian folk music
kitchen dance music,Cayman Islands music played during kitchen dance parties,,Caribbean folk music
kitchen song,music genre,,traditional folk song
kizomba,music genre and type of dance,1978,music of Angola
kjekkas-rap,Norwegian musical genre,2004,gangsta rap
klapa,"form of traditional a cappella singing in Dalmatia, Croatia, as well as vocal group performing that form of music",,Croatian folk music
kleinkunst,"singer/songwriter music genre, which emerged in Flanders and the Netherlands in the early 1960s",,singer-songwriter music
klezmer,instrumental musical tradition of the Ashkenazi Jews of Central and Eastern Europe,,Jewish music
klezmer fiddle,genre of fiddle music rooted in the medieval shtetl (villages) of Eastern Europe,,
koa-á,music genre,,gezi
koche bazari,genre of Persian traditional music,,music of Iran
koi kei x,subgenre of visual kei,,visual kei
koliadka,calendar ritual folk songs of the Slavs,,Christmas carol
kolo music,music genre,,European folk music
kolęda polska,Polish-language song of a religious nature related to Christmas,,Christmas carol
komagaku,form of traditional Japanese court music in the Heian period mainly based on Koguryeo music and sankangaku (the music of the Three Kingdoms of Korea),,gagaku
konnakol,"art of performing percussion syllables vocally in South Indian Carnatic music, i.e., vocal imitation of Carnatic percussion sounds and patterns; the spoken component of solkattu",,Carnatic music
konpa,"modern méringue, the national music genre and dance style of Haiti",,music of Haiti
koothu,music genre and type of dance,,
koplo,"Indonesian popular folk music, subgenre of dangdut",,dangdut
kora music,musical style featuring kora instrumentation,,music of West Africa
kote kei,Japanese music genre,,visual kei
kouh ghan,music genre,,
kouta,music genre,,Japanese folk music
kozak,classical dance music form,,classical music
krakowiak,"Polish folk dance, from the Kraków region, characterized by syncopated rhythms in fast duple time",,partner dance
krogshow,type of entertainment in Sweden,,musical theater
kroncong,Java musical style,,music of Indonesia
krushclub,music genre,,electronic dance music
kuda kepang,traditional Javanese dance originating from Java island; music genre,,Javanese dance
kuduro,type of music and dance from Angola,1999,electronic dance music
kujawiak,classical dance music form,,classical music
kulintang,music genre,,Southeast Asian classical music
kulning,music genre,,vocal music
kumintang,18th-century music genre from Batangas,,music of the Philippines
kumiuta,music genre,,sokyoku
kundiman,traditional Filipino love song,,music of the Philippines
kveding,traditional vocal music in Norway,,traditional folk music
kwaito,"a South African dance music style that emerged in early- to mid-1990s Johannesburg, defined by slowed-down house grooves, heavy sub-bass, chant-like vocals, and township slang",1998,house music
kwassa kwassa,music genre and type of dance,,soukous
kwela,South African music genre,,marabi
kyska-kui,music genre,,Tatar folk music
kávéházi cigányzene,music genre,,Romani music
könsrock,Swedish music genre,,rock music
kōshiki,music genre,,katarimono
lam luang,music genre,,Lao music
lam ploen,music genre,,Lao music
lam saravane,music genre,,traditional folk song
lambada,Brazilian dance; music genre,,music of Brazil
lambadão cuiabano,music genre and type of dance,,lambada
lamentation,"expression of grief in song, music, or poetry",,song
lamentu,traditional Corsican song based on sadness related to mourning or a painful situation,,song
landó,Peruvian music genre,,música criolla
langgam jawa,Indonesian musical style,,kroncong
laptop twee,music genre,,twee pop
late night lo-fi,music genre,2011,vaporwave
late romantic music,music genre,,Romantic music
lauda,form of vernacular sacred song in Italy in the late medieval era and Renaissance,,hymn
lavani,genre of Indian music,,
lazer,genre of rock music,,alternative rock
lazgi,Khwarazm traditional dance and song,,dance
laïko,Greek music genre,1960,music of Greece
leelo,"Leelo, Seto polyphonic singing tradition",,traditional folk music
leftfield electronic,"electronic music genre, consisted of music with ""quirky"" component, or anything that's atypical of its genre, or to which no other style really seems to apply. Sometimes it is used as a less-alienating alternative for the term experimental",,electronic music
leftfield hip hop,subgenre of hip hop music,,alternative hip-hop
leftfield house,"loose category of near-experimental house music, where producers tend to ignore some key elements of the traditional deep house production, whether doing away with the 4/4 rhythmic structure, the need for hand percussion, or the emphasis on the beat",,house music
leftfield pop,music genre,,pop music
leftist music,genre category grouping leftist music genres,,political music
legendary ballad,genre of medieval ballad,,medieval ballad
lento violento,style of electronic dance music,1999,hard dance
leudd,Skolt Saami music tradition,,
lhamo,classical theatre of Tibet,,
light music,"music genre; musical style of ""light"" orchestral music",1850,classical music
lilat,music genre,,luk krung
lilting,"form of traditional singing common in areas of Ireland, Scotland and the Isle of Man",,singing
liquid drum and bass,subgenre of drum and bass with vocals; generally relaxed and melodic,1998,drum and bass
liquid riddim,music genre,,riddim
liscio,Italian genre of music,,Italian folk music
litoraleña music,music genre,,Argentine folklore
liturgical music,music practiced during worship processes in various religions,,religious music
live electronic music,music genre,,electroacoustic music
livetronica,music genre,1997,electronica
livvt,a traditional type of Kildin Saami music,,Sami music
livđe,Inari Saami music tradition,,
liwa,indigenous music and type of dance in the southern region of Iran,,Khaliji
liwaga,music genre and type of dance,,music of Burkina Faso
lo-fi house,music genre,2015,deep house
lo-fi music,music aesthetic,1980,music
lofi hip-hop,subgenre of hip hop,2010,hip-hop
loft jazz,music genre,,New York jazz
logobi,music genre and type of dance,1986,dance
lokal musik,music genre,,music of Papua New Guinea
lokk,music genre,,Norwegian vocal folk music
lolicore,music genre,2004,breakcore
loncomeo,musical style and a dance of the Tehuelche-Mapuche folklore,,
loner folk,music genre,,contemporary folk music
los Cristos,music genre,,
lostwave,music of unknown origin,,rare groove
loud kei,music genre,,visual kei
loud rock,subgenre of Japanese rock,,Japanese rock
lounge music,music genre,1950,easy listening
lounge rock,"style of music that is a fusion of folk, 1950s/1960s rock and Jazz",2000,rock music
loure,classical dance music form,,classical music
love metal,music genre,,gothic metal
lovers rock,style of reggae music noted for its romantic sound and content,1972,reggae
low bap,music genre,,Greek hip hop
low rock,genre of rock,,rock music
lowend,music genre,,hip-hop
lowercase,"form of ambient minimalist music where very quiet, usually unheard, sounds are amplified to extreme levels",1997,minimalist music
lowercase noise wall,subgenre of noise music,,lowercase
luddi,music genre and type of dance,,dance
luk krung,genre of Thai popular music,1931,phleng Thai sakon
luk thung,"Thai country acculturated song genre, began post-World War II in central Thailand",,phleng Thai sakon
lullaby,"soothing song, usually sung to young children before they go to sleep",,nursery rhyme
lumbalú,music genre,,
lundu,music genre in Brasil,,Brazilian folk dance
lundu marajoara,music genre,,lundu
lute song,song type,,Elizabethan song
lyric song,"music genre, opposed to pop-music",1947,song
ländler music,form of traditional folk music in German-speaking Switzerland,,Swiss folk music
léròl,music genre,,
lúibín,music genre,,singing
lăutărească music,Romania traditional folk music,1600,Romani music
ma'luf,Andalusian music genre,,Andalusi classical music
machetero,music genre and type of dance,,dance
machine rock,music genre,,industrial rock
madrigal,secular vocal music composition of the Renaissance and early Baroque eras,,classical music
madrigal comedy,music genre,,
madrigale,Musical genre of the Italian poliphonic repertoire of the 14th century (Ars Nova),,
mafioso rap,hip-hop genre,,gangsta rap
maftirim,paraliturgical songs of Sephardi Jews who lived in Ottoman Empire,,music of the Middle East
magic rhyme,children song genre based on the belief in the magical power of the word,,nursery rhyme
mahjouz,music genre,,
mahori,form of Thai and Khmer traditional orchestra combining xylophones and gong-chimes of Piphat / Pinpeat with strings of khruang sai ensemble,,musical ensemble
mahraganat,music genre,,shaabi
maidcore,Russian musical scene and genre,,
mainstream hardcore,style of gabber,1996,gabber
mainstream jazz,genre of jazz music,1950,jazz
mainstream rock,radio format,1981,rock music
makossa,type of dance and music genre from Duala,,dance music
malagueña,"genre of folk music from eastern Venezuela, most notably from the island of Margarita",,music of Venezuela
malhun,popular form of poetic expression in Maghreb,1300,music of North Africa
mall screamo,music genre,,emo
mallsoft,music genre,2012,lounge music
malouf tunisien,music genre,,
maloya,music genre of Réunion,,music of Réunion
maloya électronique,music genre,,electronic music
maloya élektrik,music genre,,maloya
mambo,Cuban music genre,1937,music of Cuba
mambo chileno,music genre,,music of Chile
mambo urbano,music genre,,merengue
manchegas,music genre,,
mandopop,Mandarin popular music,,C-pop
manele,Romanian music genre,1995,Balkan pop-folk
mangambeu,music genre and type of dance,,dance
mangue bit,cultural movement created circa 1991 in the city of Recife in Northeast Brazil,1991,music of Brazil
mantra,"Sacred utterance or sound used in meditation, often repeated",-1999,chant
manyao,music genre,2017,electronic dance music
mapalé,music genre and type of dance,,dance
mapouka,music genre and type of dance,,
maqom,music genre,,music of Uzbekistan
maqsoum,music genre,,baladi
maqāmic music,common lineage for traditional classical music stretching from Morocco to central Asia,,music of Asia
marabi,a South African urban dance music that emerged in the townships around Johannesburg during the 1920s,1920,South African jazz
maracatu,music genre from the northeast region of Brazil,,Brazilian folk music
maracatu nação,Brazilian music genre and type of dance,,maracatu
maracatu rural,music genre and type of dance,,maracatu
march,"musical genre, piece of music in origin was expressly written for marching",,composed musical work
marchinha,Brazilian music genre,1899,music of Brazil
marfa,"form of celebratory rhythmic music and dance from Hyderabad, India, among the Hyderabadi Muslims, adapted from Afro-Arab music of Hadhramawt in Yemen played with high tempo using marfa daff, Dhol, sticks, steel pots and wooden strips called thapi",,dance
mariachi,form of traditional music from Mexico,1800,regional Mexican
marinera,national dance and music genre of Perú,,national dance
marrabenta,musical genre,,music of Mozambique
martial industrial,music genre,1980,post-industrial music
mashcore,music genre,2003,breakcore
mashup,song or composition created by blending two or more pre-recorded songs,1988,popular music
maskandi,Music genre,,Zulu music
maskumambang,music genre,,tembang macapat
masonic music,Music used in connection with the ritual and social functions of freemasonry,,ritual music
mass,form of sacred musical composition that sets the Mass,,choir work
matanya,music genre,,chastushka
math metal,music genre,,progressive metal
math pop,music genre,,indie rock
math rock,style of rock music,1986,rock music
mathcore,rhythmically complex and dissonant style of hardcore,1988,metalcore
matsuri-bayashi,music genre,,hayashi
mawwal,Egyptian genre of vocal music,,Arabic music
maxixe,Brazilian dance and the genre of music used to accompany to it,,music of Brazil
mayapax,"type of folk music originating from the Yucatan Peninsula, Mexico",,Mexican folk music
mazur,music genre and type of dance,,partner dance
mazurca ranchera,music genre of Uruguay,,
mazurka,"Polish folk dance in triple meter, usually at a lively tempo, and with accent on the second or third beat",,music of Poland
mbalax,West African musical style,1972,Wolof music
mbaqanga,"a South African township dance music that crystallized in the early 1960s, blending marabi piano-jazz harmonies, kwela’s lilting rhythms, and traditional Zulu/Sotho vocal styles with electric guitars, bass, saxophones, and drum kit",,marabi
mbolé,music genre and dance from Cameroon,,dance music
mbube,music genre,,a cappella
mchiriku,music genre,,music of Tanzania
mechanical music,music genre,,music
medieval ballad,genre of folk songs,,medieval music
medieval folk rock,musical genre,1972,folk rock
medieval metal,subgenre of folk metal music,1995,folk metal
medieval music,Western music written during the Middle Ages,500,early music
meditation music,music genre,,relaxation music
medjong,music genre,,
mega funk,music genre,,Brazilian funk
megamusical,large-scale musical,,musical play
megatruh,music genre,,tembang tengahan
meiji shinkyoku,music genre,,Japanese classical music
mejorana,music genre,,
mele,Hawaiian term,,music of Hawaii
mele ʻauana,music genre,,mele
melenchón,music genre,,traditional folk song
mellow,music genre,,popular music
melodic bass,music genre,2014,bass music (EDM)
melodic black metal,black metal subgenre,1992,black metal
melodic death metal,subgenre of death metal,1990,death metal
melodic doom metal,"subgenre of doom metal that combines the heavy, distorted guitar riffs and slow tempos of traditional doom metal with melodic, often melancholic, lead guitar lines",,doom metal
melodic dubstep,electronic dance music genre,2010,dubstep
melodic hardcore,subgenre of hardcore punk,1981,hardcore punk
melodic heavy metal,music genre,,heavy metal music
melodic house,music genre,,house music
melodic metal,"subgenre of metal music that combines the heavy, distorted guitars and aggressive vocals of traditional metal with the melodic, harmonic, and often progressive elements of other genres",,metal music
melodic metalcore,musical subgenre of metalcore,1996,metalcore
melodic speed metal,music genre,,speed metal
melodic techno,music genre,2013,techno
melodic trance,music genre,,progressive trance
melodrama,music genre,,
melologue,music genre,,theatre music
meme techno,music genre,2022,electronic dance music
mento,style of Jamaican folk music,1890,Jamaican folk music
menzuma,music genre,,Sufi music
merecumbé,Colombian musical style combining Colombian cumbia and merengue,,merengue
merengue,music genre originating in the Dominican Republic,1850,dance
merengue típico,musical genre of the Dominican Republic,,merengue
merenhouse,"music genre formed by blending merengue music, with house music, hip hop music and Caribbean music",1990,merengue
merequetengue,music genre,,music of Mexico
mestizo,music genre,,Latin music
metal fusion,music genre,,metal music
metal music,"umbrella category of music genres of metal branch, derived from heavy metal music while not necessarily being its subgenre",1970,rock music
metal prehispánico,music genre,,
metalcore,fusion genre of heavy metal and hardcore punk,1988,hardcore punk
meykhana,Azerbaijani literary and folk rap tradition,,Azerbaijani folk music
mezmur,music genre,,
mezwed,music genre,,
mgodro,music genre,,music of the Comoros
microfunk,music genre,2008,minimal drum and bass
microhouse,"house music genre, associated with microsampling techniques",1996,house music
microsound,"music term and genre; all sounds on the time scale shorter than musical notes, the sound object time scale, and longer than the sample time scale",1992,experimental electronic music
microtonal classical music,music genre,,classical music
microtonal music,use in music of microtones (intervals smaller than a semitone),,modern classical music
mid-school hip hop,music genre,1983,hardcore hip-hop
middle of the road,"commercial radio format and music genre, consisting of strongly melodic music using vocal harmony and light orchestral arrangements",,pop music
midtempo bass,electronic music genre,2011,bass music (EDM)
miejski folk,music genre,,rock music
mijil,music genre,,tembang macapat
military cadence,traditional call-and-response work song sung by military personnel while running or marching,,work song
military march,genre of march,,march
military music,music intended for use in military settings performed by professional soldiers,1580,functional music
milonga,music genre and type of dance,,Hispanic American folk music
milongón,musical genre born and developed in the city of Montevideo (Uruguay),,
min'yō,traditional Japanese music,,Japanese folk music
minatory,music genre,2015,deathstep
mincecore,musical genre based on grindcore with socio-political lyrics,,hardcore punk
miner's song,music genre,,work song
minimal drum and bass,music genre,2007,drum and bass
minimal dub,music genre,,dub music
minimal electro,music genre,,electronic music
minimal glitch,music genre,,glitch
minimal house,subgenre of tech house music,,tech house
minimal music,musical concept based on the artistic trend of minimalism,,experimental music
minimal psytrance,subgenre of psytrance,,psychedelic trance
minimal synth,music genre,1977,minimal wave
minimal techno,minimalist subgenre of techno,1991,techno
minimal wave,genre of electronic music,1977,electronic music
minimalist music,form of art music or other compositional practice that employs limited or minimal musical materials,1964,modern classical music
mining brass band,music genre,,brass band
minstrel music,music genre associated with variety shows employing racist caricature and blackface,1830,musical theater
minstrel song,music genre,,neo-medieval music
minuet,classical dance music form,,classical dance music
minyo,Korean folk music genre,,Korean folk music
mirror canon,music genre,1720,
missa ad fugam,type of musical mass,,mass
missa sine nomine,"musical setting of the Ordinary of the Mass, usually from the Renaissance, which uses no pre-existing musical source material",,mass
mobb music,music genre,1990,hip-hop
mod,music genre,,rock music
mod revival,music genre; rebirth of the mod subculture in the late 1970s,1977,punk music
moda de viola,music genre,,sertanejo de raiz
modal jazz,sub-genre of jazz,1959,jazz
modern Javanese tembang,music genre,,tembang
modern big band music,music genre,,modern jazz
modern blues,genre of music,,modern electric blues
modern classical music,genre of music,1900,classical music
modern creative,"genre of experimental music, combines elements of modern jazz styles such as fusion, bop and free jazz with elements of contemporary styles such as funk, pop and rock",1968,experimental music
modern dancehall,music genre,,dancehall
modern deep house,music genre,,deep house
modern electric blues,music genre,,electric blues
modern heavyness,music genre,,metal music
modern jazz,jazz style in the 1940s–1960s,,jazz
modern laika,music genre,,laïko
modern pagan music,music genre,,popular music
modern power pop,music genre,,power pop
modern rock,umbrella term describing rock made from the 1990s to present day; radio format,,rock music
modern soul,music genre,,soul
modern yoik,music genre,,joik
modernism,changes in musical form during the early 20th Century,1900,classical music
modinha,Portuguese and Brazilian musical genre,1690,Brazilian folk music
molecular music,music genre or compositional technique,,experimental music
monidura,music genre,,traditional folk song
monody,"In music, a solo vocal style distinguished by having a single melodic line and instrumental accompaniment.",,
monona,music genre,1800,copla
montea,traditional African dance and music genre,,dance
mood kayō,music genre,,kayōkyoku
moogsploitation,music genre,1966,electronic music
moombahcore,"music genre, fusing moombahtone with elements of electro house and brostep",2010,bass music (EDM)
moombahsoul,music genre,2009,moombahton
moombahton,electronic dance music genre,2010,electronic dance music
mor lam,genre of traditional Lao music in Laos and Thailand,,music of Southeast Asia
mor lam sing,music genre,,music of Thailand
morenada,music genre and type of dance,,Andean music
moresca,15th/16th century pantomime dance and song,,dance
morin khuur,musical instrument,,necked box lute played with a bow
morna,musical practice of Cabo Verde,,music of Cape Verde
morning psytrance,music genre,,full-on
mortitxol,music genre and type of dance,,folk dance
moshcore,music genre,,
motet,one of the most important forms of polyphonic music from about 1220 to 1750,1200,classical music
motswako,South African genre of hip hop,1990,African hip-hop
movimiento alterado,music genre,,narcocorrido
mozo danza,music genre and type of dance,,folk dance
mugham,folk musical composition from Azerbaijan,,music of Azerbaijan
mugithi,music genre,,music of East Africa
muiñeira,"folk music genre and traditional dance from Galicia, Spain",,Galician folk music
muiñeira vella,music genre and type of dance,,dance
mulatós,music genre,,Hungarian pop
muliza,Musical genre of Cerro de Pasco,,Peruvian dance
mumble rap,"microgenre of hip hop, usually associated with SoundCloud rap",2011,hip-hop
mumble rock,subgenre of rock,2019,pop-punk
munajat,music genre,,prayer
mundart music,music genre,,music of Germany
mundart rock,music with texts in dialect,,rock music
muqam,melody type from Central Asian culture,,Uyghur music
murder ballad,ballad subgenre,,ballad
murga,"form of popular musical theatre performed in Montevideo, Uruguay, Panama, Argentina and Badajoz, Spain during the Carnival season",,musical theater
murga uruguaya,music genre,,murga
musette,classical dance music form,,classical dance music
music for the Requiem Mass,musical setting of the Requiem Mass,,mass
music hall,type of British theatrical entertainment popular between 1850 and 1960,,variety
music in Catalan language,music performed in Catalan,,music
music in advertising,music integrated into mass electronic media advertisements to enhance its success,,functional music
music of Acadia,overview of music and musical traditions in region,1604,music of Canada
music of Afghanistan,music and musical traditions of Afghanistan,,music of South Asia
music of Africa,diverse musical traditions and genres of the African continent,,regional music
music of Albania,overview of music and musical traditions of Albania,,music of the Balkans
music of Algeria,music and musical traditions of Algeria,,music of North Africa
music of Altai,music in a region of Russia,,music of Russia
music of Andalusia,musical styles in Andalusia,,music of Spain
music of Andorra,music and musical traditions of Andorra,,music of Southern Europe
music of Angola,music and musical traditions of Angola,,music of Central Africa
music of Aragon,music of a geographical region,,music of Spain
music of Argentina,music and musical traditions of Argentina,,music of Latin America
music of Armenia,music and musical traditions of Armenia,,music of the Caucasus
music of Asia,music and musical traditions of Asia,,regional music
music of Australia,overview of music traditions in Australia,,music of Oceania
music of Austria,overview of musical traditions in Austria,,music of Central Europe
music of Auvergne,overview of music and musical traditions in region,,music of France
music of Azerbaijan,overview of music traditions in Azerbaijan,,music of the Caucasus
music of Badakhshan,overview of music and musical traditions in region,,music of Afghanistan
music of Bahrain,music and musical traditions of Bahrain,,music of the Middle East
music of Baháʼí Faith,music genre,,religious music
music of Bali,traditional Indonesian music of Bali,,music of Indonesia
music of Bangladesh,overview of music traditions in Bangladesh,,music of South Asia
music of Bavaria,overview of music of Bavarian region,,music of Germany
music of Belarus,overview of musical traditions of the Belarusian people,,music of Eastern Europe
music of Belgium,overview of musical traditions in Belgium,,music of Western Europe
music of Belize,Belizean musical traditions,,music of the Caribbean
music of Bengal,overview of musical traditions in Bengal,,music of India
music of Benin,music and musical traditions of Benin,,music of West Africa
music of Bhutan,music and musical traditions of Bhutan,,music of South Asia
music of Bolivia,music and musical traditions of Bolivia,,music of Latin America
music of Borneo,music genre,,music of Southeast Asia
music of Bosnia and Herzegovina,type of music,,music of the Balkans
music of Botswana,music and musical traditions of Botswana,,music of Southern Africa
music of Brazil,music and musical traditions of Brazil,,music of Latin America
music of Brittany,music genre,,music of France
music of Brunei,music and musical traditions of Brunei,,music of Southeast Asia
music of Bulgaria,overview of musical traditions in Bulgaria,,music of the Balkans
music of Burkina Faso,music and musical traditions of Burkina Faso,,music of West Africa
music of Burundi,music and musical traditions of Burundi,,music of East Africa
music of Cambodia,music and musical traditions of Cambodia,,music of Southeast Asia
music of Cameroon,music and musical traditions of Cameroon,,music of Central Africa
music of Canada,overview of music traditions in Canada,,music of North America
music of Cape Verde,music and musical traditions of Cape Verde,,music of West Africa
music of Catalonia,music of Catalonia region,,music of Spain
music of Central Africa,music of Central African region,,music of Africa
music of Central America,overview of music traditions of Central America,,music of the Americas
music of Central Asia,overview of musical traditions in Central Asia,,music of Asia
music of Central Europe,music and music traditions of Central Europe region,,music of Europe
music of Chad,music and musical traditions of Chad,,music of Central Africa
music of Chile,music and musical traditions of Chile,,music of Latin America
music of China,overview of music and musical traditions of China,,Chinese art
music of Colombia,music and musical traditions of Colombia,,music of Latin America
music of Congo,includes music from the Republic of the Congo (former French Congo) and the Democratic Republic of the Congo (former Zaire and Belgian Congo),,music of Central Africa
music of Corsica,overview of music of Corsican region,,music of France
music of Costa Rica,music and musical traditions of Costa Rica,,music of Latin America
music of Crete,traditional forms of musical culture in Crete,,music of Greece
music of Croatia,overview of musical traditions in Croatia,,music of the Balkans
music of Cuba,overview of musical traditions in Cuba,,music of Latin America
music of Curaçao,overview of music and musical traditions in region,,music of the Lesser Antilles
music of Cyprus,overview of musical traditions in Cyprus,,music of the Middle East
music of Czechoslovakia,music in historical country,,music of Europe
music of Denmark,overview of musical traditions in Denmark,,music of Scandinavia
music of Djibouti,music and musical traditions of Djibouti,,music of East Africa
music of East Africa,overview of music and musical traditions in region,,music of Africa
music of East Asia,overview of music and musical traditions in region,,music of Asia
music of East Timor,music and musical traditions of East Timor,,music of Southeast Asia
music of Eastern Europe,overview of music and musical traditions in Eastern Europe,,music of Europe
music of Ecuador,music and musical traditions of Ecuador,,music of Latin America
music of Egypt,musical culture of Egypt,,music of the Middle East
music of El Salvador,music and musical traditions of El Salvador,,music of Latin America
music of England,overview of music of England,,music of the United Kingdom
music of Equatorial Guinea,music and musical traditions of Equatorial Guinea,,music of Central Africa
music of Eritrea,music and musical traditions of Eritrea,,music of East Africa
music of Estonia,overview of musical traditions in Estonia,,music of the Baltic states
music of Eswatini,music and musical traditions of Eswatini,,music of Southern Africa
music of Ethiopia,music and musical traditions of Ethiopia,,music of East Africa
music of Europe,music and musical traditions of Europe,,regional music
music of Fiji,overview of music and musical traditions in region,,music of Polynesia
music of Finland,overview of musical traditions in Finland,,music of the Nordic countries
music of France,overview of musical traditions in France,,music of Western Europe
music of French Guiana,Music and musical traditions of French Guiana,,music of South America
music of Gabon,music and musical traditions of Gabon,,music of Central Africa
music of Galicia,music genre,,music of Spain
music of Georgia,music and musical traditions of Georgia,,music of the Caucasus
music of Germany,overview of music traditions in Germany,,music of Western Europe
music of Ghana,music and musical traditions of Ghana,,music of West Africa
music of Goa,music,,music of South Asia
music of Greece,overview of musical traditions in Greece,,music of the Balkans
music of Greenland,overview of music traditions in Greenland,,music of the Nordic countries
music of Guadeloupe,music and musical traditions of Guadeloupe,,music of the Lesser Antilles
music of Guatemala,music and musical traditions of Guatemala,,music of Latin America
music of Guinea,music and musical traditions of Guinea,,music of West Africa
music of Guinea-Bissau,music and musical traditions of Guinea-Bissau,,music of West Africa
music of Guyana,overview of musical traditions in Guyana,,music of South America
music of Haiti,music and musical traditions of Haiti,,music of Latin America
music of Hawaii,music genre,,music of Polynesia
music of Honduras,music and musical traditions of Honduras,,music of Latin America
music of Hong Kong,music,,music of China
music of Hungary,overview of musical traditions in Hungary,,music of Central Europe
music of Iceland,overview of musical traditions in Iceland,,music of the Nordic countries
music of India,"Includes multiple varieties of classical music, folk music, filmi, Indian rock and Indian pop",,music of South Asia
music of Indonesia,music and musical traditions of Indonesia,,music of Southeast Asia
music of Iran,music and musical traditions of Iran,,music of the Middle East
music of Iraq,music and musical traditions of Iraq,,music of the Middle East
music of Ireland,term for music that has been created in various genres on the island of Ireland,900,music of the British Isles
music of Israel,overview of music traditions in Israel,,music of the Middle East
music of Italy,overview of musical traditions in Italy,,music of Southern Europe
music of Ivory Coast,music and musical traditions of Ivory Coast,,music of West Africa
music of Jamaica,overview of musical traditions in Jamaica,,music of the Greater Antilles
music of Japan,overview of musical traditions in Japan,,music of East Asia
music of Java,traditional Indonesian music of Java,,music of Indonesia
music of Jordan,music and musical traditions of Jordan,,music of the Middle East
music of Kazakhstan,music and musical traditions of Kazakhstan,,music of Central Asia
music of Kenya,music and musical traditions of Kenya,1900,music of East Africa
music of Korea,traditional music of the Korean peninsula,,music of East Asia
music of Kosovo,overview of musical traditions in Kosovo,,music of the Balkans
music of Kurdistan,overview of music and musical traditions in region,,music of the Caucasus
music of Kuwait,music and musical traditions of Kuwait,,music of the Middle East
music of Kyrgyzstan,music and musical traditions of Kyrgyzstan,,music of Central Asia
music of Laos,music and musical traditions of Laos,,music of Southeast Asia
music of Latin America,"collective term for the dances, rhythms and styles of music from Latin America",1600,music of the Americas
music of Latvia,overview of musical traditions in Latvia,,music of the Baltic states
music of Lebanon,music and musical traditions of Lebanon,,music of the Middle East
music of Lesotho,music and musical traditions of Lesotho,,music of Southern Africa
music of Liberia,music and musical traditions of Liberia,,music of West Africa
music of Libya,music and musical traditions of Libya,,music of North Africa
music of Liechtenstein,overview of musical traditions in Liechtenstein,,music of Western Europe
music of Limousin,overview of music and musical traditions in region,,music of France
music of Lithuania,"overview of music traditions in Lithuania: folk, classical, contemporary, pop, etc.",,music of the Baltic states
music of Louisiana,overview of music traditions in the U.S. state of Louisiana,,music of the United States
music of Luxembourg,overview of musical traditions in Luxembourg,,music of Western Europe
music of Madagascar,music and musical traditions of Madagascar,,music of East Africa
music of Malawi,music and musical traditions of Malawi,,music of East Africa
music of Malaysia,music and musical traditions of Malaysia,,music of Southeast Asia
music of Mali,music and musical traditions of Mali,,music of West Africa
music of Malta,overview of musical traditions in Malta,,music of Southern Europe
music of Martinique,music and musical traditions of Martinique,,music of the Lesser Antilles
music of Mauritania,music and musical traditions of Mauritania,,music of West Africa
music of Mauritius,music and musical traditions of Mauritius,,music of East Africa
music of Mayotte,musical genre,,music of Southern Africa
music of Mediterranea,music genre,,music of the Middle East
music of Melanesia,various musical traditions found across the vast region of Melanesia,,music of the Pacific Islands
music of Melbourne,overview of music traditions in Melbourne,,music of Australia
music of Mesopotamia,musical history of the Tigris-Euphrates basin,,ancient music
music of Mexico,overview of music traditions in Mexico,,music of Latin America
music of Micronesia,music and music traditions of Micronesian region,,music of the Pacific Islands
music of Moldova,overview of musical traditions in Moldova,,music of Eastern Europe
music of Monaco,overview of musical traditions in Monaco,,music of Western Europe
music of Mongolia,music and musical traditions of Mongolia,,music of Central Asia
music of Montenegro,overview of music traditions in Montenegro,,music of the Balkans
music of Moravia,music genre,,music of the Czech Republic
music of Morocco,musical culture of Morocco,,music of North Africa
music of Mozambique,music and musical traditions of Mozambique,,music of East Africa
music of Myanmar,musical culture of Burma/Myanmar,,music of Southeast Asia
music of Namibia,music and musical traditions of Namibia,,music of Southern Africa
music of Nauru,overview of musical traditions in Nauru,,music of Micronesia
music of Nepal,music and musical traditions of Nepal,,music of South Asia
music of New Zealand,overview of musical traditions in New Zealand,,music of Oceania
music of Nicaragua,music and musical traditions of Nicaragua,,music of Latin America
music of Niger,overview of music activities in Niger,,music of West Africa
music of Nigeria,overview of music activities in Nigeria,,music of West Africa
music of North Africa,music genre,,music of Africa
music of North America,overview of music of North American continent,,music of the Americas
music of North Asia,music genre,,music of Asia
music of North Korea,music and musical traditions of North Korea,,music of Korea
music of North Macedonia,overview of musical traditions in North Macedonia,,music of the Balkans
music of Northeast Africa,music of Northeastern African region,,music of Africa
music of Northern Cyprus,overview of music and musical traditions in region,,music of Southern Europe
music of Northern Europe,overview of music and music traditions originating of North Europe,,music of Europe
music of Norway,overview of musical traditions in Norway,,music of Scandinavia
music of Occitania,overview of music and musical traditions in region,,music of Spain
music of Oceania,overview of music and musical traditions in region,,regional music
music of Oman,music and musical traditions of Oman,,music of Asia
music of Pakistan,music and musical traditions of Pakistan,,music of South Asia
music of Palestine,music and musical traditions of Palestine,,music of the Middle East
music of Panama,music and musical traditions of Panama,,music of Latin America
music of Papua New Guinea,overview of musical traditions in Papua New Guinea,,music of Melanesia
music of Paraguay,music and musical traditions of Paraguay,,music of Latin America
music of Peru,music and musical traditions of Peru,,music of Latin America
music of Poland,overview of musical traditions in Poland,,music of Central Europe
music of Polynesia,music genre,,music of the Pacific Islands
music of Portugal,overview of musical traditions in Portugal,,music of the Iberian Peninsula
music of Prince Qin Breaking up the Enemy's Front,music genre and type of dance,,
music of Provence,overview of music and musical traditions in region,,music of France
music of Puerto Rico,variety of musical genres from Puerto Rico,,music of Latin America
music of Qatar,music and musical traditions of Qatar,,music of Asia
music of Quebec,"music in Quebec, Canada",,music of Canada
music of Rajasthan,overview of music and musical traditions in region,,music of India
music of Romania,overview of musical traditions in Romania,,music of Central Europe
music of Russia,overview of musical traditions in Russia,,music of Asia
music of Rwanda,music and musical traditions of Rwanda,,music of East Africa
music of Réunion,overview of music and musical traditions in region,,music of East Africa
music of Sakha,overview of music and musical traditions in region,,music of Russia
music of Samoa,overview of musical traditions in Samoa,,music of Polynesia
music of San Marino,overview of musical traditions in San Marino,1650,music of Southern Europe
music of Sardinia,overview of music and music traditions of the Italian island,,music of Italy
music of Saskatchewan,overview of music and musical traditions in region,,music of Canada
music of Saudi Arabia,music and musical traditions of Saudi Arabia,,music of the Middle East
music of Scandinavia,overview of music of the Scandinavian Peninsula region,,music of the Nordic countries
music of Scotland,overview of music traditions in Scotland,,music of the United Kingdom
music of Senegal,music and musical traditions of Senegal,,music of West Africa
music of Serbia,overview of musical traditions in Serbia,,music of the Balkans
music of Seychelles,music and musical traditions of region of the Seychelles and Mascarene Islands,,music of East Africa
music of Siberia,music genre,,music of Russia
music of Sierra Leone,music and musical traditions of Sierra Leone,,music of West Africa
music of Singapore,music and musical traditions of Singapore,,music of Southeast Asia
music of Slovakia,overview of musical traditions in Slovakia,,music of Central Europe
music of Slovenia,overview of musical traditions in Slovenia,,music of the Balkans
music of Somalia,music and musical traditions of Somalia,,music of Northeast Africa
music of South Africa,music and musical traditions of South Africa,,music of Southern Africa
music of South America,musical styles and genres developed by people of South America,,music of the Americas
music of South Asia,music and musical traditions of South Asia region,,music of Asia
music of South Korea,music and musical traditions of South Korea,,music of Korea
music of South Sudan,musical culture of South Sudan,,music of Northeast Africa
music of Southeast Asia,music and musical traditions of Southeast Asia,,music of Asia
music of Southern Africa,music of Southern Africa region,,music of Africa
music of Southern Europe,music and music traditions of Southern Europe region,,music of Europe
music of Spain,overview of musical traditions in Spain,,Spanish art
music of Sri Lanka,overview of musical traditions in Sri Lanka,,music of South Asia
music of Sudan,History of musical culture in Sudan,,music of Northeast Africa
music of Suriname,overview of musical traditions in Suriname,,music of South America
music of Sweden,overview of musical traditions in Sweden,,music of Scandinavia
music of Switzerland,overview of musical traditions in Switzerland,,music of Western Europe
music of Syria,musical culture of Syria,,music of the Middle East
music of São Tomé and Príncipe,music and musical traditions of São Tomé and Príncipe,,music of Central Africa
music of Tahiti,overview of music and musical traditions in region,,music of Polynesia
music of Taiwan,Music and musical traditions of Taiwan,,music of East Asia
music of Tajikistan,music and musical traditions of Tajikistan,,music of Central Asia
music of Tamil Nadu,overview music of Tamil Nadu region; overview of music of Tamil people as ethnic group,,music of India
music of Tanzania,music and musical traditions of Tanzania,,music of East Africa
music of Tegal,overview of music and musical traditions in region,,music of Indonesia
music of Texas,overview of music traditions in the U.S. state of Texas,,music of the United States
music of Thailand,music and musical traditions of Thailand,,music of Southeast Asia
music of Thrace,music,,music of Greece
music of Tibet,music and musical traditions of Tibet,,music of Central Asia
music of Togo,music and musical traditions of Togo,,music of West Africa
music of Tonga,music derived from the island Tonga in the islands of Polynesia,,music of Polynesia
music of Transylvania,overview of music and musical traditions in region,,music of Romania
music of Tunisia,overview of music traditions in Tunisia,,music of North Africa
music of Turkey,music and musical traditions of Turkey and Ottoman music,,music of the Middle East
music of Turkmenistan,music and musical traditions of Turkmenistan,,music of Central Asia
music of Tyrol,overview of music in Tyrol region,,music of Austria
music of Uganda,music and musical traditions of Uganda,,music of East Africa
music of Ukraine,overview of musical traditions in Ukraine,,music of Eastern Europe
music of Uruguay,music and musical traditions of Uruguay,,music of Latin America
music of Uzbekistan,music and musical traditions of Uzbekistan,,music of Central Asia
music of Vatican City,Overview of musical traditions in the Vatican,,music of Southern Europe
music of Venezuela,music and musical traditions of Venezuela,,music of Latin America
music of Vietnam,music and musical traditions of Vietnam,,music of Southeast Asia
music of West Africa,"diverse musical traditions of West Africa, encompassing drumming, polyrhythm, and call-and-response vocals. Influential on African diaspora music including blues, jazz, and Afrobeats, with roots in oral tradition and communal performance",,music of Africa
music of Western Europe,music and music traditions of Western Europe region,,music of Europe
music of Yemen,Overview of musical traditions of Yemen,,music of the Middle East
music of Yucatán,overview of music and musical traditions in region,,music of Mexico
music of Yugoslavia,overview of musical traditions in Yugoslavia,,music of the Balkans
music of Zambia,music genre,,music of Southern Africa
music of Zimbabwe,music and musical traditions of Zimbabwe,,music of Southern Africa
music of ancient Egypt,musical traditions of ancient Egypt,,ancient music
music of ancient Greece,musical traditions of ancient Greece,,ancient music
music of ancient India,ancient music in ancient India,,ancient music
music of ancient Rome,musical traditions of ancient Rome,,ancient music
music of the African diaspora,musical traditions of the African diaspora,,ethnic music
music of the Americas,term that groups music from the continents of North America and South America,,regional music
music of the Armenian diaspora,musical traditions of the Armenian diaspora,,ethnic music
music of the Azores,overview of music and musical traditions in region,,music of Portugal
music of the Balkans,music in the Balkan geographic area,,music of Southern Europe
music of the Baltic states,overview of music and music traditions originating in Baltic region,,music of Europe
music of the British Isles,overview of musical traditions in the British Isles,,music of Western Europe
music of the Canary Islands,overview of music and musical traditions in region,,music of Spain
music of the Caribbean,music with roots in the Caribbean region,,music of the Americas
music of the Caucasus,music and music traditions of the Caucasus region,,music of the Middle East
music of the Central African Republic,music and musical traditions of the Central African Republic,,music of Central Africa
music of the Comoros,music and musical traditions of the Comoros,,music of Southern Africa
music of the Czech Republic,overview of musical traditions in the Czech Republic,,music of Central Europe
music of the Democratic Republic of the Congo,music and musical traditions of the Democratic Republic of the Congo,,music of Congo
music of the Dominican Republic,music and musical traditions of the Dominican Republic,,music of Latin America
music of the Gambia,music and musical traditions of the Gambia,,music of West Africa
music of the Grand Duchy of Lithuania,overview of music in the Grand Duchy of Lithuania,1300,music of Eastern Europe
music of the Iberian Peninsula,music genre,,music of Southern Europe
music of the Indian subcontinent,music and musical traditions of the Indian subcontinent,,music of South Asia
music of the Llanos,overview of music and musical traditions in region,,music of South America
music of the Maldives,music and musical traditions of the Maldives,,music of South Asia
music of the Middle East,music of the Middle Eastern region,,music of Asia
music of the Netherlands,overview of musical traditions in the Netherlands,,music of Western Europe
music of the Nordic countries,overview of musical traditions in the Nordic countries,,music of Northern Europe
music of the Pacific Islands,music and music traditions of Pacific Islands region,,music of Oceania
music of the Philippines,overview of musical traditions in the Philippines,,music of Southeast Asia
music of the Republic of the Congo,music and musical traditions of the Republic of the Congo,,music of Congo
music of the Sea Islands,overview of music and musical traditions in region,,music of the United States
music of the Soviet Union,overview of music of the Soviet Union,,music of Asia
music of the Trecento,period of Italian music in the 1300s,,medieval music
music of the United Kingdom,overview of musical traditions in the United Kingdom,,music of the British Isles
music of the United States,overview of music traditions in the USA,,music of North America
music of the Valencian Community,overview of music and musical traditions in region,,music of Spain
music school,musical term used as music genre to group the music of composer's schools,,music
music theatre,experimental performance genre,,
musica leggera,music genre,,popular music
musical comedy,musical stage performance of a comedic nature with spoken dialogue,,musical play
musical drama,genre of theatre and music in which dramatic performances are closely tied with musical performance,,drama
musical improvisation,spontaneous musical composition technique,,improvisation
musical naturalism,musical movement,,Naturalism
musical play,"sub-genre of American musical theatre, developed by Oscar Hammerstein II",1560,musical play
musical poem,musical form,,composed musical work
musical proverb,"Short vocal composition based on a proverb, often humorous or satirical in tone",,song
musical theater,one of the four classical branches in the theater,,theatre
musique actuelle,music genre,,music
musique concrète,form of electroacoustic music,1948,electroacoustic music
musique concrète instrumentale,music genre,,postmodern music
musique mesurée,music genre,,
muslim chant,music genre,,Islamic music
musok eumak,Korean shaman music,,shamanic music
mutant disco,music genre,1978,disco
mutu,"improvised sung poetry from Sardinia, Italy",,vocal music
mutuashi,music genre and dance originated from the traditional music of the Baluba (Muluba in the singular),1960,
muzica ușoară românească,music genre or scene,,easy listening
muzică de mahala,music genre,,music of Romania
muzika yehudit mekorit,music genre,,contemporary Jewish religious music
muzikat dika'on,style of Mizrahi music,,Mizrahi music
muziki wa dansi,music genre in Tanzania,1935,soukous
mákina,techno hardcore music genre from the Catalan-speaking areas,1995,hard dance
mélodie,French art song genre,1900,art song
méringue,music genre and national symbol in Haiti,,music of Haiti
música cañonera,music genre,,
música cebolla,genre of Chilean music,,canción melódica
música criolla,genre of Peruvian music,,music of Peru
música de intervenção,"music genre, wave of Portuguese singer-songwriters in the 1960s and 1970s who agitated against the Estado Novo regime",,protest song
música divertida,early '80s Argentine music trend,,Argentine rock
música festera,music genre,,march
música plancha,music genre,,Latin ballad
música planeca,music genre,,
música popular brasileira,trend in post-bossa nova urban popular music in Brazil,1966,music of Brazil
música popular colombiana,music genre,,music of Colombia
música surera,music genre,,traditional folk music
música típica chilena,music genre,,music of Chile
młoda polska,musical movement,,Romantic music
mōsō biwa,music genre,,Buddhist music
mūsīqā lubnāniyya,music genre,,Arabic pop
naad,Surinamese singing,,singing
nacional-canconetismo,music genre,,easy listening
nadjam,Surinamese singing,,singing
nagauta,music genre,,utaimono
nakasi,traditional popular music form in Taiwan and Japan,,music of East Asia
nanguan,music genre,,Chinese classical music
narco rap,music genre,,gangsta rap
narcocorrido,type of narrative ballad originating in Mexico,,corrido
nardcore,"music genre from Oxnard, California, USA",,hardcore punk
narodnozabavna glasba,"folk music style originating in Slovenia, which became popular in Alpine region",,Alpine folk music
nasheed,"islamic music genre (Malaysia, Indonesia, Bosnia)",,vocal music
nat thachin,song genre associated with Burmese nat spirit ceremonies,,
national anthem music,typical music for a country or the melody of the national anthem,,hymn
national classical music,music genre,,classical music
national music,"music with a national flavour, predominantly inspired by folk or traditional music of the nation",,music
national song,"song produced for a certain public purpose, which is intended to be sung by the general public",,national anthem
naturjodel,music genre,,Alpine folk music
nayda,music genre,1998,
nazi punk,music genre,,punk rock
nazi rock,music genre,1970,rock music
necrotrap,aggressive subgenre of trap metal,2020,trap metal
nenia,type of funeral song,,dirge
neo city pop,music genre,,city pop
neo kyma,music genre and movement in Greek music,1965,éntekhno
neo music,general category of music genres with prefix neo,,
neo punk,music genre,,punk rock
neo rave,music genre,,hard dance
neo shibuya-kei,music genre,,Shibuya-kei
neo soul,"music subgenre of soul music, back to the roots",1998,soul
neo trance,subgenre of trance music,,trance
neo-acoustic,Japanese term for a cross-section of indie pop and jangle pop with more prominent acoustic instrumentation and songwriting/arrangements that draw from sophisti-pop,1982,indie pop
neo-bop jazz,music genre,1985,hard bop
neo-classic music,"music genre, mixing classical music with electronic and ambient, originating in 2000s",,contemporary classical music
neo-classical metal,music genre,1978,metal music
neo-electro,music genre,,electro
neo-glam,music genre,1993,Britpop
neo-grime,music genre,,grime
neo-medieval music,modern popular music characterized by elements of medieval music and early music in general,1960,folk music
neo-nazi music,music genre,,political music
neo-prog,subgenre of progressive rock,1988,progressive rock
neo-psychedelia,music genre,1978,psychedelic rock
neo-rockabilly,genre of music,,rockabilly
neoclassical dark wave,music genre,1986,dark wave
neoclassical music,music genre inspired by neoclassicism,,modern classical music
neoclassical new-age music,music genre,1972,new age music
neocrust,music genre,,crust punk
neofolk,music genre,1980,contemporary folk music
neofolklore,music genre,,music of Chile
neofolklorism,"movement in European professional music of the 1st third of the 20th century, organically linked to the use of folklore features.",,classical music
neomelodic music,"music genre originating in Naples, Italy",1980,Italo pop
neon pop-punk,music genre,2005,electronic rock
neoperreo,subgenre of reggaeton,2011,reggaeton
neoromantic music,style of Western classical music,,contemporary classical music
neotango,genre of tango,,tango
neotraditional country,"style of country music emphasizing instrumental compositions and ""traditional"" vocal styles",1985,contemporary country
nepali lok geet,music genre,,South Asian folk music
nerd music,musical subculture,,popular music
nerd punk,genre of music,,punk rock
nerd-folk,genre of folk music,2005,contemporary folk music
nerdcore,genre of music characterized by subject matter considered of interest to nerds and geeks,1995,hip-hop
nerdcore techno,music genre centered around the unauthorized sampling or remixing of 1980s and 1990s piece of Japanese culture,1994,electronic dance music
nervous music,subgenre of hip hop music,,hip-hop
neurofunk,subgenre of drum and bass,1998,drum and bass
neurohop,genre of electronic music,2009,glitch hop (EDM)
new Chilean cumbia,music genre,,cumbia
new acoustic movement,music genre,,soft rock
new acoustic music,music genre,1970,contemporary folk music
new adult music,genre of Japanese popular music,,music of Japan
new age kirtan,music genre,,new age music
new age music,genre of popular music,1960,popular music
new beat,Belgian genre of electronic music,1987,electronic body music
new blues,music genre,,blues
new consonant music,music genre,,
new country,music genre,,country music
new flamenco,"style of music and dance that originated in Andalusia, Spain",1970,flamenco
new funk,music genre,1999,dance-pop
new jack swing,music genre,1985,contemporary R&B
new jazz,subgenre of trap music,,trap music
new music,music genre originating in Japan,,pop music
new musick,music genre,,post-punk
new pop,"British-centric pop music movement consisting of ambitious, DIY-minded artists who achieved commercial success in the early 1980s through sources such as MTV",,British pop
new prog,music genre,,progressive rock
new progg,later iterations of the 1970s Swedish music genre progg,,progg
new rave,music genre,2003,indie rock
new rock,term used mainly around 1970 to classify rock bands and their works with specific elements,,rock music
new tone,music genre or scene,,ska
new wave,music genre that encompasses pop-oriented styles from the late 1970s through the 1980s,1976,rock music
new wave of American heavy metal,heavy metal music movement,1995,heavy metal music
new wave of British heavy metal,heavy metal movement of the late 1970s and early 1980s,1978,heavy metal music
new wave of classic rock,style of rock music,,classic rock
new wave of new wave,music scene from the UK,1992,new wave
new way of Danish fuck you,musical scene,,music of Denmark
new-school hardcore,music genre,,hardcore punk
new-school hip-hop,genre of hip-hop music,,hip-hop
ngâm thơ,music genre,,music of Vietnam
nhari,music genre and type of dance,,
nhã nhạc,form of Vietnamese court music,,East Asian court ceremonial music
nhạc dân tộc cải biên,music genre,,Vietnamese folk music
nhạc trẻ,music genre in Vietnam,,V-pop
nhạc trữ tình,music genre,,music of Vietnam
nhạc đỏ,common name of the revolutionary music (nhạc cách mạng) genre in Vietnam,,revolutionary song
nightcore,music genre,2002,electronic music
nightstep,music genre,,dubstep
nigun,form of Jewish religious song or tune sung by groups,,Jewish religious music
nisiotika,music genre and type of dance,,Ionian Islands folk music
nitzhonot,subgenre of Goa trance,1998,Goa trance
no melody trap,trap music genre,,trap music
no wave,music genre or scene,1977,post-punk
no wave revival,music genre,,no wave
nocturne,"musical composition inspired by, or evocative of, the night",,classical music
noel,genre of French folk Christmas song,,Christmas carol
noh,"a classical Japanese performance integrating masks, costumes and various props in a dance-based theatre",,music of Japan
noiadance,music genre,,Dutch house
noise hop,music genre,,hip-hop
noise music,music genre,1910,experimental music
noise pop,music genre,1985,indie rock
noise rock,experimental rock music mixed with noise,1977,rock music
noisecore,extreme music genre of hardcore punk,1983,hardcore punk
noisegrind,noisy grindcore subgenre,,grindcore
nomos,ancient Greek music genre with singing,,music of ancient Greece
norteño,genre of Mexican music related to polka and corridos,1900,popular music
norteño-banda,subgenre of norteño,,norteño
norteño-sax,music genre,,regional Mexican
northeastern Brazilian music,music genre,,music of Brazil
northern Brazilian music,music genre,,music of Brazil
nortina cueca,music genre,,Chilean cueca
nouveau zydeco,music genre,,zydeco
nouvelle chanson,music genre,,chanson
nova cançó,artistic movement and music genre in catalan spoken territories,,singer-songwriter music
novelty music,music genre; type of farcical or nonsensical singing or instrumentals,1910,comedy music
novelty piano,music genre,,ragtime
novo dub,music genre,,dub reggae
novo movimento,music genre,,
novokomponovana narodna muzika,music genre,,Balkan pop-folk
nu deathcore,music genre,,deathcore
nu gaze,genre,2001,alternative rock
nu jazz,fusion of electronic and jazz music,1995,jazz
nu metal,musical subgenre of alternative metal,1995,alternative metal
nu metalcore,musical subgenre of nu metal,,nu metal
nu skool breaks,genre of breakbeat,1995,breakbeat
nu-disco,disco and EDM music genre,1993,disco
nu-funk,genre of music,1993,funk
nu-punk,music genre,2000,pop-punk
nuban,music genre,,Khaliji
nueva canción,"social movement and musical genre in Iberian America and the Iberian peninsula, characterized by folk-inspired styles and socially committed lyrics",1965,revolutionary song
nueva canción chilena,movement and genre of Chilean traditional and folk pop incorporating strong political and social themes,,nueva canción latinoamericana
nueva canción española,music genre,,music of Spain
nueva canción latinoamericana,"music genre, Latin American part of nueva cancion movement",,music of Latin America
nueva trova,"movement in Cuban music that emerged around 1967/68 after the Cuban Revolution of 1959, and the consequent political and social changes",1965,trova
nuevo cancionero,music genre,,nueva canción latinoamericana
nuevo tango,music genre,1955,tango
nursery rhyme,traditional song or poem for children,,rhyme
nustyle,music genre,,hardstyle
nuubaat,form of Algerian classical music,,
nyahbinghi,music genre,,music of Jamaica
néo-trad,music genre,,music of Canada
nòva cançon,music genre,1965,protest song
nóta,form of 19th-century Hungarian popular song,,Hungarian folk music
oberek,music genre,,Polish folk music
obscuro,music genre,,outsider music
occult music,music genre,,
occult rock,subgenre of rock music,,hard rock
oceanic glitch,music genre,,glitch
ode,vocal composition with an instrumental accompaniment,,
odi pop,Kenyan music style,,music of Kenya
off jazz,music genre,,jazz
offbeat psytrance,music genre,,psychedelic trance
ogene,style of Igbo music,,Igbo music
ohangla,style of traditional music and dance from the Luo community in Kenya,,
oi!,subgenre of punk rock,1977,punk rock
ojkanje,two-part singing found in the Croatian regions of the Dalmatian hinterland,,Croatian folk music
old classical vocal polyphony,music genre,,polyphony
old school EBM,music genre,,electronic body music
old school death metal,genre of death metal,1984,death metal
old school hardcore,hardcore punk scene since the early 1990s,,hardcore punk
old-school hip-hop,historical musical period; music genre,1978,hip-hop
old-time music,genre of North American folk music,,North American folk music
omoro,music genre,,Ryukyu classical music
omutibo,music genre,1960,music of Kenya
onda nueva,music genre,,music of Latin America
ondo,type of Japanese folk music genre,,Japanese folk music
onkyokei,music genre,1998,music of Japan
onna gidayū,music genre,,Gidayūbushi
opera,artform combining sung text and musical score in a theatrical setting,1600,classical music
opera metal,music genre,,symphonic metal
operatic pop,subgenre of pop music,1910,pop music
oratorio,"large musical composition including an orchestra, a choir, and soloists",1700,composed musical work
orchestral hip hop,music genre,,hip-hop
orchestral jazz,music genre,1920,jazz
orchestral pop,music genre; popular music that has been arranged and performed by a symphonic orchestra,1960,pop music
orchestral song,music genre,,symphonic music
organ mass,musical mass with or for organ,,mass
organ symphony,musical piece for solo pipe organ in various movements,,solo
organic house,music genre,2009,house music
organum,medieval polyphony most often based on a cantus firmus,,polyphony
ori deck,music genre,,electronic dance music
oriental Jewish music,many traditions and styles of the various groups of Jews from the cultural East,,Jewish music
oriental ballad,music genre,,Korean ballad
oriental metal,music genre,,folk metal
oriental music,world music originating from Arab and Asian countries,,music
original Pilipino music,music genre or scene,,popular music
orkes gambus,music genre,,Arabic music
oshare kei,fashion-conscious music genre,2001,visual kei
outlaw country,genre of country music,,progressive country
outrun,music genre,2006,electronic dance music
outsider house,subgenre of house,2010,house music
outsider music,music created by self-taught or naïve musicians,,music
overtone singing,singing technique,,singing
overture,instrumental introduction to any musical piece,,classical music
ovsenki,Russian greeting-songs of praise were performed during Christmas time,,Christmas carol
ozlau,music genre,,overtone singing
paahan chare,"music movement practiced by the Newah, a Nepalese people",,
pachanga,genre of music which is a mixture of son montuno and merengue,1950,music of Cuba
paean,song or poem expressing triumph or thanksgiving,,song
pagan black metal,music genre,1993,black metal
pagan folk,music genre,1975,modern pagan music
pagan metal,subgenre of heavy metal music,1990,extreme metal
pagan rock,music genre,,rock music
paghjella,"secular and liturgical oral tradition of Corsica, France – inscribed in the List of Intangible Heritage in Need of Urgent Safeguarding in 2009",,polyphony
pagode,"Brazilian music genre, subgenre of samba",1978,samba
pagode baiano,Brazilian musical genre,1995,axé
pagode de viola,"traditional Brazilian music genre, subgenre of country-folk",,music of Brazil
pagode romântico,music genre,,pagode
pala pala,dance from the Argentine Northwest,,Argentinian folk dance
palam,Nepalese folk song genre,,traditional folk song
palito,Argentine folk dance,,Argentinian folk dance
palm-wine music,West African musical genre,,Kru music
pandeirada,music genre,,Galician folk music
pandeireteiras,female musical group typical of Galician traditional music,,vocal-musical ensemble
pandilla,music genre,,music of Peru
pangkur,music genre,,tembang macapat
pansori,Korean genre of musical storytelling performed by a singer and a drummer,1800,Korean folk music
pantomime,form of musical comedy stage production mostly performed during Christmas and New Year's,,musical theater
paraliturgical music,"general name for textual and musical forms that are close in style (in lyrics and music) to liturgical forms, but which are not used in official (canonical) worship",,Christian music
paramaribop,music genre,,jazz
parang,popular folk music originating from Trinidad and Tobago,,popular folk music
parlour music,Type of popular music,,popular music
parody mass,musical setting of the mass,,mass
parody music,composition generally of humorous or satirical intent in which turns of phrase or other features characteristic of another composer or type of composition are employed and made to appear ridiculous,,parody
parody song,"song, which is parody",,song
part concerto,music genre,,concerto
part motet,music genre,,motet
part song,form of choral music,,choral music
partido alto,music genre and type of dance,,samba
party music,music genre,,event music
party soca,music genre,,soca music
partyschlager,musical genre with elements of schlager and EDM,,electronic dance music
pas redouble,concert march reminiscent of the gallops,,composed musical work
pasillo,genre of South American music,1850,music of Latin America
paso huanquilla,music genre,,
pasodoble,a fast duple-meter march-like music and its corresponding two-step couple dance,1780,Spanish folk music
passacaglia,musical form written in triple metre,,composed musical work
passamezzo,Italian dance of the 16th and early 17th centuries,,ballroom dance
passion,musical setting of the Passion of Christ,,classical music
pastiche,"in music, the imitation of another's, usually historical, style in a variety of motifs, a phenomenon that usually only emerged in the twentieth century",,composed musical work
pastoral,musical genre that depicts the characters and scenes of rural life or is expressive of its atmosphere,,pastoral
pastorella,"type of dramatized carol, formerly performed by itinerant musicians and students, in which the religious theme of Christmas was extended by a layer of customs",,Christmas-themed song
patacoré,music genre and type of dance,,dance
patriotic music,music that expresses devotion to the nation,,functional music
pavane,slow processional dance common in Europe during the 16th century,1500,classical dance music
payada,South American tradition of improvised music and poetry,,Hispanic American folk music
peak time techno,music genre,2011,techno
pep band music,music genre,,music of North America
percussive pagodas,music genre,,pagode baiano
perico ripiao,Dominican folk music genre,,music of the Dominican Republic
period composition,"composition based on past musical aesthetics, techniques and genres",,
perpetuum mobile,type of musical composition involving a continuous stream of notes and (often indefinite) repetition,,musical work
personal anthem,ceremonial music for a particular office,,anthem
pessoal do Ceará,music genre,,music of Brazil
pesás,music genre,,
peşrev,instrumental form in Ottoman music,,Ottoman classical music
phaguwa,music genre,,Bhojpuri music
phase music,"form of music in which the same part (a repetitive phrase) is played on two musical instruments, in steady but not identical tempi",1965,experimental music
philly drill,music genre,,drill
phleng Thai sakon,early 20th century international-style Thai music,1915,music of Thailand
phonetical singing,music genre,,vocal music
phonk,group of several styles of hip-hop evolved from Memphis Rap,2010,electronic music
phonk house,music genre,2020,house music
piano blues,music genre,1948,blues
piano house,music genre,,house music
piano piece in one movement,musical work for piano,,solo
piano quintet,musical composition for 5 performers including a piano; genre of art music played by such groups,,quintet
piano rock,subgenre of rock music,1955,rock music
picopop,"niche style of pop that originated in the early 2000s as part of the ""neo-Shibuya-kei"" second wave",,Shibuya-kei
pigfuck,music genre,,noise rock
pilantragem,music genre,,
pilón,Cuban music genre,1965,music of Cuba
pimba,Portuguese type of music,1975,music of Portugal
pindín,music genre,,
pinpeat,Khmer traditional music genre and also an ensemble performing it,,Cambodian classical music
piosenka aktorska,Polish music genre,,music of Poland
pipe band music,musical genre,,Scottish folk music
piphat,music genre; type of ensemble in Thai classical music,,Thai classical music
piping and drumming in Almonte,"designation of intangible heritage of Almonte, Spain",,Spanish folk music
pirate metal,subgenre of heavy metal music,1988,power metal
pirekua,"song form of the P’urhépecha (Michoacán, Mexico) related to the son and the waltz.",,Mesoamerican music
pisadinha,music genre,,electronic forró
piseiro,music genre,,pisadinha
piyyut,Jewish liturgical literary and music genre,,poem
pizzica,Italian tarantella folk dance,,Italian folk dance
plainsong,body of monophonic chants used in the liturgies of the Western Christian Church,,chant
plastic soul,Type of soul music,,soul
plaza musika,music genre,,
plena,genre of music and dance native to Puerto Rico,,dance
plena de Panamá,music genre of Panama,,
plena uruguaya,music genre,,plena
plugg music,music genre,2013,trap music
pluggnb,music genre,2017,plugg music
plunderphonics,music genre,,sound collage
pocochin rock,music genre,,rock music
pocung,music genre,,tembang macapat
poetry song,music genre; song form,,song
poezja śpiewana,Polish scene within singer-songwriter movement,,music of Poland
poky,music genre,,hard house
political hip-hop,subgenre of hip-hop music that emerged in the 1980s as a form of political expression and activism,1970,hip-hop
political music,type of music concerning political issues,,functional music
political music in China,music genre or scene,,music of China
political punk,political part of the punk subculture,,punk rock
political reggae,music genre,,reggae
polka,"classical dance music form, deriving from the homonym dance",,classical dance music
polka criolla,music genre,,polka
polka norteña,music genre and type of dance,,Mexican folk dance
polkabilly,music genre,,polka
polonaise,musical composition with the rhythm of a polonaise,,classical music
pols,Norwegian music genre and type of dance,,Polska
polyphony,"music with multiple, independent melody lines performed simultaneously",,
pon-chak disco,music genre,1987,trot
ponto cantado,music genre,,jongo
pop Sunda,Indonesian traditional pop music,,pop music
pop batak,music genre,,pop music
pop black metal,music genre,,black metal
pop ghazal,music genre,,pop music
pop kreatif,music genre,,Indo pop
pop melankolis,music genre,,Indo pop
pop melayu,Malaysian pop rock genre,,pop rock
pop metal,commercial heavy metal and hard rock style,,metal music
pop minang,music genre,,pop music
pop music,"popular music genre originating in the mid-1950s in the US and UK; initially overlapping with rock and roll, later becoming associated with more commercial, accessible, and ephemeral styles distinct from rock",1950,popular music
pop rap,genre of music which combines hip-hop music with elements of pop music,1980,hip-hop
pop raï,music genre,,raï
pop reggae,music genre,,pop music
pop rock,music genre,1965,rock music
pop soul,music genre,,soul
pop standard,musical composition considered an important part of the musical repertoire of traditional pop musicians,,traditional pop
pop urbaine,French music genre,,pop music
pop yeh-yeh,Malaysian pop subgenre,,pop rock
pop-punk,rock music fusion genre that combines elements of punk rock with power pop or pop,1977,punk rock
popcorn,music style,,pop music
popcorn music,Romanian music genre,2007,house music
pops orchestra music,music genre,,symphonic music
popular classical,music genre,,
popular folk music,"group of genres comprising contemporary forms and developments of local traditional folk music, classified separately in individual countries, which exist independently from the mostly acoustic and lyrical contemporary folk music (Q106298881)",,folk music
popular music,music genres distributed to large audiences and considered to have wide appeal,,music
porn groove,music genre,1970,funk
pornofolk,music genre,,contemporary folk music
pornogrind,subgenre of goregrind,1988,goregrind
porro,music genre,1950,Hispanic American music
positive hardcore,music genre,,hardcore punk
post-Britpop,alternative rock subgenre,1998,alternative rock
post-black metal,music genre,1998,post-metal
post-bop,genre of small-combo jazz,1963,jazz
post-classical,subgenre of classical,,classical music
post-disco,group of music genres; music movement,1978,club/dance music
post-dubstep,"electronic music genre, British development of dubstep",,electronic dance music
post-folk,genre of music,,folk music
post-grunge,music genre,1994,alternative rock
post-hardcore,genre of music,1980,punk music
post-industrial music,music genre,1988,industrial music
post-internet music,music genre,,
post-metal,style of music that is rooted in heavy metal but explores approaches beyond the genre's conventions,1996,metal music
post-minimalism,music genre,,minimalist music
post-no wave,music genre,,experimental rock
post-noise,music genre,,
post-progressive,rock subgenre related to progressive rock,1978,rock music
post-punk,music genre,1978,punk music
post-punk revival,genre of indie rock music,1996,indie rock
post-rock,"subgenre of rock music, often instrumental",1995,experimental rock
postlude,"in Christian worship, an organ piece played at the end of a divine service; in classical music, analogous to an epilogue",,composed musical work
postmodern music,"music of the postmodern era, or that follows aesthetical and philosophical trends of postmodernism",1960,classical music
postromantic music,music genre,,classical music
power ballad,type of sentimental ballad often performed by hard rock or heavy metal bands,,rock music
power electronics,music genre,1980,industrial music
power metal,subgenre of heavy metal combining characteristics of traditional metal with speed metal,1982,metal music
power noise,genre of industrial music,1981,noise music
power pop,music genre,1960,pop rock
power soca,music genre,,soca music
powerstomp,music genre,,UK hardcore
powerviolence,music genre; subgenre of hardcore punk,1987,hardcore punk
powwow music,"drum based traditional music of Plains region Native American tribes, traditionally played at pow-wows",,indigenous music of North America
powwow-step,music genre,,electronic dance music
poésie courtoise,music genre,,medieval music
pra God,music genre,,
pre-war blues,music genre,,blues
pregón,song based on a street-seller's cry,,song
prehistoric music,"music produced in preliterate cultures (prehistory), beginning somewhere in very late geological history",,music
prelude,musical compositions that introduce another or larger instrumental work,,classical music
primitivism,musical movement,,
prison rock,musical subgenre of Chinese rock 'n' roll,1980,rock music
process music,"movement in music, originating from the 1960s, in which music is generated from a process, sometimes in a way audible to the listener",1960,modern classical music
processional hymn,hymn placed at the beginning of a Catholic or Anglican church service,,Christian hymn
processional march,musical style,,march
production music,"music produced to be licensed for use in film, television, radio, and other media",,soundtrack
progg,1960s/70s Swedish left-wing music scene,1968,rock music
programmatic symphony,genre or type of symphony,,programme music
programme music,type of art music that attempts to musically render an extra-musical narrative,,composed musical work
progressive alternative music,music genre,,alternative music
progressive big band,music genre,,big band music
progressive black metal,music genre,,black metal
progressive bluegrass,subgenre of bluegrass music,,bluegrass music
progressive breaks,subgenre of breakbeat,1992,breakbeat
progressive country,music genre,1970,country music
progressive death metal,subgenre of death metal,1991,death metal
progressive electro house,music genre,,electro house
progressive electronic dance music,group of electronic dance music genres defined by its focus on structural progression within compositions,1990,electronic dance music
progressive electronic music,"electronic music genre, characterized by its emphasis on innovation and experimentation, it prioritizes the exploration of new soundscapes, unconventional production techniques and often associated with avant-garde",1969,progressive music
progressive folk,music genre,1930,progressive music
progressive house,subgenre of house music,1990,house music
progressive jazz,jazz genre,,jazz
progressive metal,genre of heavy metal music,1984,metal music
progressive metalcore,subgenre of metalcore,,metalcore
progressive music,type of music that emphasizes form and stylistic variety,,music
progressive pop,pop music genre that emphasizes complexity and form,1965,pop music
progressive psytrance,subgenre of psytrance,1998,psychedelic trance
progressive punk,rock music subgenre that emphasizes complexity and form,,punk rock
progressive rap,subgenre,,hip-hop
progressive rock,genre of rock music,1967,rock music
progressive soul,music genre,1965,soul
progressive techno,music genre,,techno
progressive trance,subgenre of trance music,1992,trance
proletarian rock,music genre,,rock music
propaganda music,"musical compositions created with the intent to disseminate a particular ideology, political beliefs, or socio-cultural values; often used to manipulate public opinion and shape a specific societal mood",,functional music
prosodion,music genre,,song
protest song,song that is associated with a movement for social change,,topical song
proto doom,music genre,,doom metal
proto-metal,music genre of the hard rock,1966,hard rock
proto-prog,early form of progressive rock,1963,rock music
proto-punk,subgenre of rock music,1965,punk music
psalm,religious poem/lyrics,,poem
psalma,music genre,,Eastern Orthodox music
psybient,music genre,1993,chill-out music
psybreaks,subgenre of breakbeat,1995,breakbeat
psychedelic black metal,music genre,,black metal
psychedelic folk,music genre,1965,psychedelic music
psychedelic funk,music genre,,funk
psychedelic hip-hop,subgenre of hip-hop,,hip-hop
psychedelic metal,music genre,,psychedelic music
psychedelic music,range of popular music styles and genres,1964,popular music
psychedelic pop,subgenre of pop music,1965,pop music
psychedelic rap,music genre,,hip-hop
psychedelic rock,genre of rock music,1965,rock music
psychedelic soul,music genre,1967,soul
psychedelic trance,subgenre of trance music,1992,trance
psychobilly,musical genre; subgenre of rockabilly,1978,punk rock
psychploitation,music genre,,psychedelic music
psycore,music genre,2007,dark psytrance
psydub,music genre,,chill-out music
psystyle,music genre,2015,hardstyle
psytech,music genre,,techno
pub rock,genre of rock music that emerged in the early to mid-1970s in the United Kingdom,1972,rock music
puirt à beul,Scottish singing style,,vocal music
pumpcore,music genre,,hardtek
pumping house,subgenre of house music,,hard house
pungmul,Korean folk music tradition,,Korean dance
punk blues,music genre,1987,punk music
punk funk,music genre,,funk
punk jazz,music genre,1970,punk rock
punk metal,music genre,1978,hardcore punk
punk music,"umbrella category of music genres related to punk subculture, derived from punk rock music scene while not necessarily being its subgenre",,rock music
punk pathetique,music genre,1979,punk rock
punk rap,genre of hip-hop,2007,punk rock
punk revival,subgenre of punk rock,,punk rock
punk rock,genre of rock music,1975,punk music
punk'n'roll,music genre combining elements of punk rock with rock'n'roll,1987,punk rock
punkabilly,music genre,,punk rock
punta,traditional style of music and dance performed by the Garifuna people,1978,music of the Caribbean
punta rock,music genre,1978,rock music
punto guajiro,Cuban music genre,,music of Cuba
purple sound,music genre,2007,dubstep
purísima,music genre,,Christian hymn
puxa,music genre,,music of Central Africa
pásztordal,Hungarian folk genre,,Hungarian folk music
pìobaireachd,music genre associated primarily with the Scottish Highlands that is characterised by extended compositions with a melodic theme and elaborate formal variations,,music of Scotland
qasidah modern,music genre,,music of Indonesia
qawwali,Sufi devotional music popular in South Asia,1450,music of India
quadrille,music genre,,dance music
quan họ,Vietnamese folk music with alternating female and male singers,,Vietnamese folk music
quarter tone music,music genre,,microtonal music
queercore,music genre,1985,punk rock
quiet storm,"radio format of contemporary R&B, jazz fusion and pop, characterized by understated mellow dynamics, slow tempos and relaxed rhythms",1976,jazz fusion
quodlibet,a composition in which well-known melodies and texts appear in successive or simultaneous combinations,,composed musical work
quyi,traditional Chinese oral performing arts,,performing arts
rabbit song,music genre,,indigenous music of North America
rabiz,Armenian popular music genre,,pop music
rabòday,music genre,,music of Haiti
radio music,"music composed, arranged, or adapted for radio programs, such as their theme songs or background music",,score
raga,melodic mode in Indian music,,Indian classical music
raga rock,microgenre of rock music,1965,psychedelic rock
ragamalika,form of composition in Carnatic music,,Carnatic music
rage,music genre,2017,trap music
ragga,sub-genre of dancehall music or reggae,1985,reggae
ragga hip hop,music genre,1985,hip-hop
ragga jungle,subgenre of oldschool jungle,1989,ragga
ragga metal,music genre,,metal music
ragga pop,music genre,,reggae
raggacore,music genre which is strongly influenced by ragga jungle,1998,breakcore
raggatek,music genre,,hardtek
raglife,Ghanaian musical genre,,reggae
ragtime,music genre,1890,popular music
ragtime song,music genre,,ragtime
raicore,music genre,,raï
rajaleña,music genre,,
rake-and-scrape,music genre and type of dance,,music of the Bahamas
ramopunk,subgenre of pop punk,1970,pop-punk
ranchera,genre of the traditional music of Mexico created around the XVIII century but popularized by Mexican movies all around Latin America since 1930 until now.,1930,composed musical work
rap metal,cross-genre fusing vocal and instrumental elements of hip-hop with various forms of metal,1985,alternative metal
rap opera,music genre,,hip-hop
rap rock,cross-genre fusing vocal and instrumental elements of hip-hop with various forms of rock,1982,rapping
rapai dabõih,music genre,,Islamic music
rapcore,subgenre of rap rock,1987,punk rock
rapping,"artistic form of vocal delivery and emotive expression that incorporates ""rhyme, rhythmic speech, and [commonly] street vernacular""",1970,hip-hop
rapso,Trinidadian genre of music,,soca music
rara,festival music that originated in Haïti; music genre,,music of Haiti
rara tech,music genre,,electronic music
rare phonk,music genre,2012,phonk
rasguido doble,musical style and dance of African American influence that corresponds to the genre of folkloric litoraleña music,,litoraleña music
rasin,musical style,,music of Haiti
rasiya,genre of Indian folk music,,Indian folk music
raspacanilla,music genre,,
rasqueado,style of music and regional dance of the Brazilian mid-west,,dance
rasteirinha,music genre,2012,Brazilian funk
ratchet music,music genre,2011,hip-hop
rautalanka,Finnish style of instrumental rock,,instrumental rock
rave funk,music genre,2017,funk mandelão
rave music,generic term for electronic dance music of various styles (primarily acid house and techno) played at raves in the 1990s,,electronic dance music
raw black metal,subgenre of black metal,1987,black metal
raw punk,music genre,,D-beat
raw techno,subgenre of techno,,techno
raw trance,subgenre of trance music,,trance
rawphoric,music genre,2016,rawstyle
rawstyle,subgenre of hardstyle (electronic music),2008,hardstyle
raï,music genre originating in Algeria,1920,music of Algeria
recession pop,Dance-pop music that emerged during the Great Recession,,dance-pop
recessional hymn,hymn placed at the end of a Catholic or Anglican church service,,church music
red and anarchist black metal,music genre,,black metal
red dirt,music genre,,Southern rock
red disco,music genre,1986,music of the Soviet Union
red music,type of political songs from China approved by communist or socialist parties,,revolutionary song
redowa,"Czech dance of two kinds, one in triple time, like a waltz, the other in two-four time, like a polka",,classical music
reductionism,music genre,,experimental music
reel,form of dance and genre of accompanying music,,Irish folk music
refalosa,South American dance,,Argentinian folk dance
regalia,music genre,,trap music
reggada,music genre and type of dance,,traditional folk music
reggae,music genre that originated in Jamaica in the late 1960s,1961,music of Jamaica
reggae en Español,music recorded in the Spanish language by artists of Latin American origin,1975,reggae
reggae fusion,fusion genre of reggae,1985,reggae
reggae punk,music genre,,post-punk
reggae rap,music genre,,reggae
reggae rock,music genre,,rock music
reggaestep,fusion genre of reggae music and dubstep,2010,dubstep
reggaeton,music genre,1990,popular music
reggaeton underground,subgenre of reggaeton and reggae en Español combining characteristics of nu metal with dembow and reggae fusion,,reggaeton
regional Mexican,musical styles originating from Mexico and the Mexican American community in the United States; radio format,,music of Mexico
regional blues,music genre,,blues
regional hymn,song that should express the identity and the connection to a geografical region,,patriotic song
regional music,music classified by geographical area,,music
regueifa,music genre,,cantiga
rekilaulu,music genre,,Finnish folk music
rekuhkara,"style of singing, similar to Inuit throat singing, that was practised by the Ainu until 1976 when the last practitioner died",,throat singing
relaxation music,music genre,,functional music
religious hymn,"type of religious song specifically written for the purpose of adoration or prayer, typically addressed to a deity or deities",,prayer
religious music,music genre,,functional music
religious vocal music,genre of music sung during religious rituals,,vocal music
reparto,music genre,,cubaton
repente,music genre,,music of Brazil
resort music,musical genre,,
responsory,"category of Western chant serving at Matins and monastic Vespers as musical postludes to the reading of lessons, as the gradual and alleluia do at the Mass",,chant
retro-prog,musical style,,
retro-soul,genre of music,,soul
retro-swing,music genre,1994,dance music
revue,"theatrical entertainment that combines music, dance and sketches",,musical theater
rhythm & grime,music genre,,contemporary R&B
rhythm & praise music,music genre,,
rhythm and blues,genre of popular music that originated within African-American communities in the 1940s,1938,popular music
rhythm kayo,music genre,,
rhythm music,musical genres with an emphasis on playing by ear and improvisation,,
ricercar,musical composition exploring a motif or developing an etude,,classical music
riddim,genre of electronic dance music,2010,dubstep
rigaudon,classical dance music form,,classical dance music
rigsar,music genre,,pop music
rin,music genre and type of dance,,dance
ring shout,music genre,,American folk music
riot grrrl,underground feminist punk rock movement; music genre,1990,punk rock
ripsaw music,musical genre,,Caribbean folk music
risecore,fusion music genre of metalcore and post-hardcore,,metalcore
ritmada,music genre,,funk mandelão
ritmo de panaderas,music genre,,work song
ritmo kombina,music genre,,music of the Caribbean
ritual ambient,subgenre of dark ambient,,dark ambient
ritual music,"refers to the specific musical practices and sonic traditions that accompany religious, spiritual, or ceremonial activities",,event music
ritual song,"a musical composition, chant, or vocal expression specifically designed to accompany ceremonial, spiritual, or traditional practices",,song
rizitika,music genre,,Cretan folk music
road rap,genre of music,,UK rap
rock and roll,"genre of popular music, early subgenre of rock music",1949,rock music
rock and roll revival,back-to-basics musical trend of the late 1960s and early 1970s,,rock and roll
rock andino,music genre or scene,1970,rock music
rock astur,music genre,,Spanish rock
rock barrial,music genre or scene,,Argentine rock
rock de Mendoza,music genre or scene,,Argentine rock
rock doido,genre of music and cultural movement from northern Brazil,2000,tecno brega
rock en español,Spanish-language rock,1960,rock music
rock fusion,"genre that mixes rock, hard rock and metal with rap, funk and even occasionally with punk",,rock music
rock kapak,"rock subgenre, mainly from Malaysia",1987,hard rock
rock mossi,Musical genre from Burkina Faso,2000,rock music
rock music,popular music genre,1948,popular music
rock musical,musical theatre work with rock music,,rock music
rock noir,music genre,,rock music
rock opera,"work of rock music that presents a storyline told over multiple parts, songs or sections",1967,musical play
rock poetry,genre of poetry,,poetry
rock polo,music genre,,rock music
rock rolinga,music genre,,rock music
rock rural,music genre,,folk rock
rock subterráneo,Peruvian music scene,,rock music
rock sónico,music scene,,Argentine rock
rock triste,music genre or scene,,indie rock
rock urbano mexicano,rock and roll movement and musical genre emerged in Mexico,,music of Mexico
rock violin,rock music subgenre,,rock music
rockabilly,early style of rock and roll music,1950,rock and roll
rockabilly revival,music genre,,rockabilly
rockdut,"Indonesian music genre, fusion of rock and dangdut",,rock music
rockers reggae,subgenre of reggae,,reggae
rocksteady,music genre that originated in Jamaica around 1966,1966,music of Jamaica
roda de samba,musical group to play samba,,music of Brazil
rom kbach,Cambodian popular music and a popular Khmer dance style,,Cambodian pop
romance,"musical form of brief, simple melody",,art song
romantic style,genre derived from reggae in Spanish,1980,reggaeton
romanţe,music genre,,romance
rominimal,music genre,,tech house
rondeau,medieval and Renaissance poetic and musical genre,,forme fixe
roots reggae,subgenre of reggae,1968,reggae
roots rock,music genre,1966,rock music
rough music,music genre,,
rub-a-dub,music genre,1980,early dancehall
rujigaku,music genre,,march
rumba,music genre,,music of Cuba
rumba vallecana,music genre,,
runo song,ancient song genre,1100,Balto-Finnic folk music
rusalka song,type of Eastern Slavic folk songs,,Slavic rite song
rustic stomp,music genre,,psychobilly
ryndzivky,Slavic traditional Easter song genre,,Easter song
ryūka,music genre,,Ryukyuan literature
røvballe,"easily accessible popular music, eg evergreens and Danish top melodies, which are performed as entertainment (and dance music) at larger private parties, public events etc",,
rúmbia,music genre,,
rōkyoku,genre of traditional Japanese narrative singing,,vocal music
sa'idi,music genre,,music of Egypt
sacred concerto,17th-century genre of sacred music,,composed musical work
sacred flute music of Papua New Guinea,music genre,,religious music
sacred folk song,song form,,Lied
sacred jazz,music genre,,jazz
sacred singing circle,music genre,,
sacro polo,music genre,,
sacropop,music genre,,pop music
sad pop,sub-genre of pop music,,pop music
sadcore,music genre,1988,alternative rock
saeta,"genre of anonymous spiritual song in vernacular, imitating the psalmody of the church (canonical) liturgy, which emerged in Catholic Spain in the 17th century; Cante jondo subgenre, which emerged at the end of the 19th century",,cante jondo
saibara,music genre,,utaimono
sailor song,genre of songs,,song
saimon,music genre,,katarimono
sainaimu,music genre and type of dance,,folk dance
sajuriana,music genre,,
saka-uta,music genre,,curse
salon music,popular music genre in Europe during the 19th century,,composed musical work
salsa,Latin American dance music genre,1920,tropical music
salsa baúl,music genre,,salsa
salsa choke,music genre,,salsa
salsa dura,style of salsa music developed in the 1970s,1975,salsa
salsa romántica,music genre,,salsa
salsaton,music genre,,
saluang klasik,music genre,,Minangkabau music
samba,Brazilian music genre,1914,music of Brazil
samba afro,"musical genre from Bahia, performed by Afro blocks from this Brazilian state, notably Ilê Aiyê",,samba
samba de breque,subgenre of samba,,samba
samba de gafieira,partner dance to various Brazilian samba musical rhythms; music genre,1930,samba
samba de roda,Afro-Brazilian dance and music style that developed in the state of Bahia in Brazil,,Brazilian folk music
samba de terreiro,music genre,,samba
samba duro,"musical genre from the state of Bahia, derived from samba de roda",,samba
samba junino,subgenre of samba,,samba duro
samba rap,music genre,,hip-hop
samba reggae,Brazilian music genre,1987,axé
samba rock,genre of samba,1967,samba
samba soul,music genre,,samba rock
samba-batido,"term used in Bahia for batuque, referred to in Rio de Janeiro as batucada",,samba
samba-canção,music genre,,samba
samba-choro,music genre,,samba
samba-chulado,variant of the samba existing in Bahia with a more complex and extensive melody than the common samba-de-roda,,samba de roda
samba-corrido,"variant of the old samba existing in Bahia, without a second-part, chronologically intermediate between primitive rural samba and modern urban samba",,samba de roda
samba-enredo,music genre,,samba
samba-exaltação,music genre,,samba
samba-funk,music genre,1960,samba
samba-jazz,Brazilian music genre,,jazz
samba-joia,music genre,,samba
samba-maxixe,term designated to classify the first urban samba style in Rio de Janeiro born in the first decades of the 20th century,,samba
samba-raiado,"musical sub-genre of samba brought to the city of Rio de Janeiro by the ""tias baianas"" at the beginning of the 20th century",,samba de roda
samba-sincopado,style of samba that accentuates the syncopation of the musical genre,,samba
sambalanço,subgenre of samba,,samba
sambass,style of drum and bass,2001,drum and bass
sample drill,music genre,2019,drill
sampledelia,sample-based music genre,,popular music
sampler-based music,composed for early home computer and game consoles from the late 1980s to the late 1990s,1988,bit music
samri,folkloric music and dance native to Saudi Arabia,,Khaliji
samul nori,music genre,,Korean traditional music
sanjo,style of traditional Korean music created in 1890s,,Korean folk music
sanjuanito,music genre,,music of Ecuador
sankyoku,music genre,,music of Japan
santé engagé,music genre,,music of Seychelles
sapphic pop,subgenre of indie music and bedroom pop,,independent music
sarabande,music genre and type of dance,,Baroque music
sarala gee,music genre,,Sinhalese folk music
sardana,music genre and type of circle dance typical of Catalan culture,,circle dance
sardana obligada,music genre and type of dance,,sardana
sardana revessa,music genre and type of dance,,sardana
sass,music genre,1990,post-hardcore
satirical hip hop,Type of satire,,comedy hip-hop
satirical music,music genre,,comedy music
sawt,music genre,,Arabic music
saya,music and dance that originated in the Collao Meseta region of Peru-Bolivia,,music of Latin America
saya afroboliviana,"music and dance of Afro-Bolivian people, born in Los Yungas in Bolivia",,saya
saz semai,instrumental form in Ottoman classical music,1850,Ottoman classical music
scam rap,hip hop genre with lyrics focus on scamming,,gangsta rap
scan,music genre,,synth-pop
schlager music,genre of popular music,1874,pop music
schottische,"partnered country dance derived from polka, of continental European origin",,folk dance
schranz,subgenre of techno,1995,hard techno
science fiction music,music genre,,science fiction
science fiction musical,"musical that depicts imagined scientific or technological advances (e.g., time travel, artificial intelligence) and their impact on society",,musical play
score,"type of soundtrack, consisting of musical compositions within a film, video game, television and others, typically written by a composer or occasionally music compiled from previously written musical compositions",,soundtrack
scouse house,subgenre of hard house,1998,hard house
screamer,type of classical march music,,march
screamo,subgenre of emo,1995,emo
screamo rap,music genre,,rapping
scum rock,musical genre or scene,,American punk rock
sea shanty,work song sung to accompany labor on board large merchant sailing vessels,,work song
sean-nós singing,music genre,,a cappella
seapunk,subculture that originated on Tumblr in 2011,2011,electronic music
sebene,instrumental dance section in Congolese rumba,,music of Central Africa
secular music,music genre,900,music
sega,music genre of Mauritius and Reunion island,,music of Seychelles
sega tambour Chagos,"type of Sega music of Mauritius, with origins in the Chagos Archipelago",,séga tambour
sega tambour of Rodrigues Island,type of performing art of Rodrigues Island,,séga tambour
seggae,fusion genre of sega and reggae music,1985,reggae
seguidilla,old Castilian folk song and dance form,,composed musical work
seika,Japanese term for hymns,,
seishun punk,music genre,,music of Japan
self-esteem boosting song,song (mainly in Japan) that enhancing listeners' self-esteem,2022,J-pop
semba,traditional music and social partner dance from Angola,1950,African folk music
semi-classical music,genre of music,1964,Hindustani classical music
semi-trot,music genre,,K-pop
senja,Indonesian music genre,,music of Indonesia
senliau,music genre,,
sentimental ballad,slower emotional type of song within popular music,,popular music
seonsori,music genre,,Korean folk song
sepulchre music,music genre,,Easter music
serenade,musical form,,classical music
seresta,music genre,,serenade
serialism,musical method or technique of composition,1923,modern classical music
serrieño,Regional Mexican music style,,norteño
sertanejo,music genre that had its origins in the countryside of Brazil in the 1920s,1920,music of Brazil
sertanejo de raiz,music genre,,sertanejo
sertanejo romântico,music genre,,sertanejo
sertanejo universitário,music genre,,sertanejo
sesube,music genre of East African music,,music of East Africa
set-dansi,Surinamese dance,,dance
seto leelo,music genre,,polyphony
sevdalinka,traditional Bosnian urban folk song,1475,Bosnian and Herzegovinian folk music
sexy drill,music genre,,New York drill
seú,"music genre and dance form that occurs on Curaçao and Bonaire, connected to Easter",,
sgubhu,variant of gqom,,gqom
shaabi,Egyptian musical style,,Arabic music
shadow rap,subgenre of hip hop,,hip-hop
shaker music,music genre,,church music
shaman punk,musical subgenre of punk and hardcore music,,hardcore punk
shamanic music,music genre,,religious music
shamstep,music genre,,electronic dance music
shan'ge,music genre,,work song
shangaan electro,South African dance movement and musical style,2007,dance
shaqapas,music genre and type of dance,,dance
shashmaqam,Central Asian musical genre,,Tajik music
shatta,music genre; subgenre of dancehall,,dancehall
shchedrivka,Ukrainian and Belarusian genre of carols performed in the week between New Year and Christmas,,Christmas carol
sheilat,Saudi folk music genre,,Bedouin music
shidaiqu,1920s musical genre fusing Chinese folk and American jazz,1920,music of China
shima-uta,folk music in Amami Islands,,traditional folk song
shimokita-kei,music genre,,Japanese rock
shinkyoku,music genre,,music of Japan
shit talk,rapping style,2010,rapping
shitgaze,music genre,,noise rock
shock rock,rock music genre,1960,rock music
shoegaze,"indie/alternative rock subgenre characterized by an ethereal mixture of obscured vocals, guitar distortion and effects, feedback, and overwhelming volume",1987,alternative rock
shoor,music genre,,Maddahi
shout,style of Gospel music,,gospel music
show tune,song originally written as part of the score of a work of musical theatre; music genre,,song
shōka,purpose-written songs for school music textbooks in the pre-WWII era in Japan,,music of Japan
shōmyō,Japanese Buddhist music,,Buddhist chant
siciliana,music genre and type of dance,,
sierreña,subgenre of regional Mexican music,,norteño
siffleur,music genre or performance style centered on artistic whistling,,
sigidrigi,music genre,,music of Fiji
sigilkore,music genre,2018,trap music
signal music,music genre,,functional music
sikuris de italaque,music genre,,
silent film music,music written to accompany a silent film,,film score
sinfonia concertante,composition for one or more solo instruments and orchestra,,symphony
sinfonietta,"symphony that is smaller in scale (either in terms of length or the instrumental forces required), or lighter in approach than a standard symphony",,symphony
singeli,music genre,2015,electronic dance music
singer-songwriter music,"group of musical genres that emerged in the mid-20th century, referring to the music of singer-songwriters, often characterised by political or personal lyrics and minimal acoustic accompaniment",,popular music
singing theater,music genre,,
singjay,music genre,,reggae
sinogrime,music genre,,grime
sinom,music genre,,tembang macapat
sirilla,music genre and type of dance,,dance
sissy bounce,music genre,,bounce music
sitarsploitation,music genre,,psychedelic music
sizhu music,music genre,,music of China
ska,music genre from Jamaica in the 1950s,1958,popular music
ska jazz,music genre,,jazz
ska punk,fusion music genre,1977,punk rock
ska rock,music genre,,rock music
skacore,musical genre,,hardcore punk
skate punk,subgenre of punk rock,1985,punk rock
skiffle,"genre of folk music with jazz, blues, folk, and roots influences",1920,contemporary folk music
skiladiko,Greek folk music genre; derogatory term to describe a branch of laiko music and some of the current nightclubs in Greece in which this music is performed,,laïko
skullstep,music genre,2005,darkstep
skweee,music genre,2005,electronic dance music
slack-key guitar,music genre,,music of Hawaii
slacker rock,genre of rock music,1985,indie rock
slam death metal,subgenre of brutal death metal,,brutal death metal
slap house,subgenre of house music,2017,future house
sleaze rock,subgenre of rock music,,glam metal
slide,tune type in Irish traditional music,,Irish folk music
slimepunk,music genre,,electronic dance music
slip jig,music genre and type of dance,,Irish folk music
slow jam,music genre,,contemporary R&B
slow waltz,music genre,,waltz
slow-rock,music genre and type of dance,,rock and roll
slowcore,music genre,1993,indie rock
slowed & reverb,music genre,,
sludge metal,subgenre of heavy metal music,1992,extreme metal
sludgefest,musical genre consisting of slowed down Alvin & the Chipmunks songs,,daycore
slurmcore,musical genre and internet meme,,
slushwave,music genre,2013,vaporwave
slutwave,pejorative term for female pop music stars which emerged in the late 2000s,2008,pop music
slått,Norwegian music genre,,instrumental music
slåtterim,subgenre of Norwegian vocal folk music,,Norwegian vocal folk music
smooth jazz,music genre,1983,jazz
smooth reggae,music genre,,reggae
smooth soul,music genre,1975,soul
smurf house,90s music style,,house music
snap music,music genre,1997,hip-hop
snap&b,music genre,,contemporary R&B
so gōkō,music genre,,Japanese folk song
soca music,music genre and type of dance,1970,music of the Caribbean
social media pop,music genre; 2010s counterpart of teen pop,,pop music
soft grunge,rock music subgenre,,grunge
soft rock,music genre derived from popular and rock music,1960,pop rock
soft visual,music genre or scene,,visual kei
sogak,type of traditional Korean music,,Korean traditional music
soil,music genre,,
sokkie,"a style of dance that is unique to Southern Africa and popular mostly with Afrikaners, which is also a type of ballroom dance",,African dance
soko,Surinamese song genre,,
sokyoku,music genre,,Japanese classical music
son,generic term applied in the Spanish speaking world to various types of folk music with certain common traits,,Latin music
son afromexicano de Costa Chica,music genre and type of dance,,son mexicano
son arribeño,music genre,,son mexicano
son calentano,"instrumental form of music from the Tierra Caliente region, Mexico",1930,son mexicano
son cubano,style of dance and music genre originating in Cuba,,tropical music
son de artesa,music genre,,son mexicano
son de negro,music genre,,son
son de pascua,music genre,,Christmas music
son de tamborileros de Tabasco,music genre,,son mexicano
son huasteco,one of 8 Mexican song styles and is a traditional Mexican musical style originating in the 6 state area of Mexico called La Huasteca,,son mexicano
son istmeño,music genre,,son mexicano
son jaliscience,a version of Mexican Son music from which modern mariachi music is derived,,son mexicano
son jarocho,"style of Mexican folk music from the Gulf Coast Mexican state of Veracruz, with influences from both Spanish and indigenous music",,son mexicano
son mexicano,music genre and type of dance,,regional Mexican
son montuno,music subgenre of son cubano,1900,son cubano
son nica,Nicaraguan musical genre,,music of Nicaragua
sonata,"type of musical composition, usually for a solo instrument or a small instrumental ensemble",1600,classical music
sonero music,music genre,,Latin music
song without words,"short instrumental piece with a lyrical style, usually for piano",,solo
songo music,music genre,,music of Cuba
songsters music,early blues music genre,,blues
sonidero,Mexican music genre,,music of Mexico
sonorism,movement in Western classical music,,postmodern music
sophisti-pop,subgenre of pop music,1985,pop music
soukous,African music genre,1968,African dance
soul,genre of popular music,1955,rhythm and blues
soul blues,style of blues music,1968,blues
soul jazz,music genre,1950,jazz
soul rock,subgenre of rock,,rock music
soulful house,subgenre of house music,1980,house music
sound art,art discipline that uses sound as a medium,,new media art
sound collage,"music term and genre; technique where newly branded sound objects or compositions, including songs, are created from collage",,collaging
sound poetry,"artistic form bridging literary and musical composition, in which the phonetic aspects of human speech are foregrounded instead of more conventional semantic and syntactic values",,poetry
sound sculpture,type of sculpture that involves sound,,sculpture
soundtrack,music genre,,stage and screen
sousedská,music genre and type of dance,,classical music
southern Brazilian music,music genre,,music of Brazil
space age pop,music genre,1947,pop music
space ambient,subgenre of ambient music,1971,ambient music
space disco,"subgenre of disco music with science fiction themes, cosmic sounds and visuals",1976,electro-disco
space metal,music genre,,metal music
space music,"tranquil, hypnotic subgenre of electronic music",1970,electronic music
space rock,genre of rock music,1968,psychedelic rock
space rock revival,music genre,1986,space rock
spacesynth,music style,1981,electronic dance music
spaghetti western music,music genre grouping music composed for films in the Italian spaghetti western film genre,,cinematic classical
spamwave,music genre,,sound collage
spandau synthpop,music genre,,synth-pop
spatial music,composed music that intentionally exploits sound localization,,
spaza,South African style of hip-hop music that originated in Gugulethu on the Cape Flats,,hip-hop
spectral music,"compositional practice involving analysis, manipulation and transformation of sound spectra",,postmodern music
speed garage,genre of electronic dance music associated with the UK garage scene,1994,house music
speed house,music genre,2017,hard dance
speed metal,sub-genre of heavy metal music,1978,heavy metal music
speedbass,subgenre of hardcore techno,,hardcore
speedcore,"form of hardcore characterized by a high tempo (rarely below 300 beats per minute) and aggressive themes, originating in the early to mid 1990s",1994,hardcore
spiritual art song,music genre,,art song
spiritual jazz,music genre,,jazz
spiritual verse,Russian folk poems-songs on Christian themes and plots,,psalma
spirituals,music genre created by generations of African-Americans,1790,African-American music
splittercore,music genre,2007,speedcore
sports anthem,music genre,,anthem
sports music,music genre,,functional music
spouge,music genre,,ska
spy music,music genre,,jazz
square dance music,music genre,,folk dance music
stadium house,music genre,,house music
stage and screen,"special purpose genre reserved for music associated with musicals, soundtracks, plays, and other scores",,functional music
staifi music,music genre,,Berber music
stara gradska song,genre of Bulgarian folk music,,Bulgarian folk music
starogradska muzika,music genre,,Macedonian folk music
stasimon,"stationary song, performed by the chorus in Ancient Greek tragedy",,
steampunk music,music genre,,
steel band music,music genre,,percussion music
steel drum music,music genre,,percussion music
stenchcore,music genre,,crust punk
stepenny,music genre,,song
stochastic music,mathematical processes based on probability to generate stochastic elements.,,postmodern music
stomp and flutter,music genre,,popular music
stomp and holler,music genre,,indie folk
stoner doom,music genre,,doom metal
stoner metal,subgenre of metal evolved from stoner rock,1990,metal music
stoner rap,music genre,,hip-hop
stoner rock,subgenre of rock music,1988,hard rock
stornello,form of Italian popular poem,,Italian folk music
storytelling rap,music genre,,rapping
stotra,"Sanskrit word, that means ""ode, eulogy or a hymn of praise"". It is a literary genre of Indian texts designed to be melodically sung, in contrast to shastras which are composed to be recited.",,religious hymn
straight edge,music genre,,hardcore punk
straight jazz,music genre,,jazz
straight-ahead jazz,jazz music style,,jazz fusion
strathspey,music genre and type of dance,,folk dance
street cry,"song, rhyme, or patter used by vendors to advertise their wares",,song
street music,music genre,,functional music
street pop,"hip hop, pop and EDM fusion genre",,hip-hop
street punk,subgenre of punk,1982,hardcore punk
street rock,music genre,,rock music
street ska,music genre,,ska
street talking,music genre,,pop music
stride piano,jazz piano style,1920,jazz
string quartet,musical composition written to be performed by a string quartet,,chamber music
stronda,"Brazilian music genre; subgenre of Brazilian hip hop music and a cross-genre that has elements of hip hop, funk, pop, surf music and rock",,Brazilian hip-hop
stutter house,music genre,2019,house music
subjective music,music genre,,functional music
sumo jinku,music genre,,jinku
sung poetry,"musical movement and genre of singer-songwriter music, mainly from the Baltic States and Poland; songs consisting of a poem (most often a ballad) and music written specially for that text",,singer-songwriter music
sungura,music genre,,music of Zimbabwe
sunshine pop,microgenre of pop music,1965,pop music
sunshine reggae,music genre,,reggae
suomisaundi,style of freeform psychedelic trance originating from Finland,1996,psychedelic trance
supertone,subgenre of speedcore,,speedcore
surf music,music genre,1957,rock music
surf punk,punk rock that incorporates elements of surf rock,1977,punk rock
surf revival,music genre,,surf music
surf rock,subgenre of rock music and surf music,1950,surf music
surfabilly,music genre,,surf music
suri sicuri,music genre and type of dance,,dance
suri sicuri (Bolivia),music genre and type of dance,,dance
surrealist music,music genre,,
suspense music,music genre,,
sutartinė,Lithuanian polyphonic folk song,,polyphony
svatbarskata muzika,Bulgarian folk music genre,1970,Bulgarian folk music
swamp blues,music genre; form of Louisiana blues,1957,Louisiana blues
swamp pop,"music genre combines New Orleans-style rhythm and blues, country and western, and Cajun and black Creole music",,music of Louisiana
swamp rock,music genre originating in the Southeastern United States,1965,roots rock
swancore,music genre,,post-hardcore
sweet jazz,music genre,,jazz
swing,style of jazz or musical genre based on the rhythmic pulse of music composed of pairs of eighth notes with a longer initial note and a shorter second note,1930,jazz
swing criollo,music genre,,
swing musette,music genre,,bal-musette
swing revival,music genre and pop culture movement,1994,swing
swingbeat,music genre,,contemporary R&B
swingueira,music genre,2000,pagode baiano
symphonic black metal,subgenre of black metal,1990,black metal
symphonic death metal,music genre,,death metal
symphonic fantasia,music genre,,fantasia
symphonic metal,music genre that blends heavy metal with classical music,1995,metal music
symphonic mugham,music genre,1950,symphonic music
symphonic music,type of instrumental composition for symphony orchestra,,classical music
symphonic poem,piece of orchestral music in a single continuous section,,programme music
symphonic power metal,musical genre,,power metal
symphonic prog,music genre,1968,progressive rock
symphonic rock,rock genre incorporates elements resembling symphonic and orchestral music,,rock music
symphonic trance,music genre,,Eurotrance
symphony,extended musical composition,1600,composed musical work
synagogue music,music genre,,Jewish religious music
synth funk,music genre,,funk
synth metal,subgenre of heavy metal,1980,metal music
synth music,music genre,,electronic music
synth-pop,music genre in which the synthesizer is a key instrument,1972,electronic pop
synth-punk,music genre,1977,punk music
synthwave,2000s genre of electronic music developed in the 1980s,2005,electronic music
séga tambour,"music genre, having two variants on Rodrigues Island and Chagos",,traditional séga
taarab,music genre from East Africa,1880,music of East Africa
tabahaniotika,music genre,,music of Crete
tahona,music genre,,Cuban rumba
tahpah,music genre,,vocal music
taiko music,music genre,,Japanese folk music
tajaraste,music genre and type of dance,,
takamba,African native music and dance,,dance
takborsé,music genre,,
takemoto,music genre,,Gidayūbushi
takmak,music genre,,Chuvash music
talempong,traditional Minangkabau musical instrument and music genre; originated from West Sumatra in Indonesia,,percussion instrument
talempong goyang,music genre,,pop minang
talking blues,musical genre,,American folk music
tallava,music genre in Albania,,Balkan pop-folk
tamborazo,traditional music genre from the Mexican state of Zacatecas,,Mexican folk music
tamborera,music genre,,Hispanic American music
tamborileros de Tabasco,music genre,,
tamborito,genre of Panamanian and Colombian folkloric music and dance dating back as early as the 17th century,,music of Panama
tamborzão,music genre,,Miami bass
tambourin,Provençal dance accompanied by lively duple meter music,,folk dance
tambu music,"musical genre, using the musical instrument of the same name",,
tamburitza,"type of folk music usually played in Slavonia, Voivodina, and Hungarian Baranya and Bacska",,European folk music
tammurriata,music genre,,tarantella
tanci,song genre,,
tango,music genre originating in Argentina and Uruguay,,dance music
tango canción,lyrical-musical composition in which the lyrics respond to the rhythmic and emotional characteristics of the music and the tango dance,,
tango para chicos,music genre,,tango
tango rock,music genre originating from Argentina,1970,rock music
tango romanza,music genre,,tango
tanjidor music,music genre,,music of Indonesia
tanzhammer-pop,music genre,,electronic dance music
tape music,music genre,,experimental music
tappa,genre of music,1700,Hindustani classical music
taqtuqa,music genre,1921,
taqwacore,subgenre of punk music dealing with Islam,1990,hardcore punk
tarab,Arabic concept for emotional state caused by music or recitation,,Arabic music
tarana,type of composition in Hindustani classical vocal music,,Hindustani classical music
tarantella,number of different folk dances characterized by a fast upbeat tempo,,Italian folk dance
tarantella napoletana,Italian folk dance of the tarantella family,,tarantella
tarawangsa,music genre,,Sundanese music
tarjo,shamanic song used in northern Perú traditional medicine,,ritual song
tarkad,music genre and type of dance,,dance
tarraxinha,music genre,,kizomba
tarraxo,"Modern, intense partner dance and musical style that evolved from Angolan Tarraxinha within Afro-Portuguese communities, popular in European urban scenes since the 2010s.",,tarraxinha
tarz,music genre,,pop music
tassa,music genre,,Indo-Caribbean music
tassu,music genre,,Wolof music
taxi kick,variant of gqom,,gqom
tchingounmè,music genre,,traditional folk music
tchink system,music genre,,Fon music
tchinkoumé,music genre and type of dance,,African folk music
tearout brostep,music genre,2015,brostep
tearout dubstep,music genre,2006,dubstep
tech house,musical subgenre of house music,1993,house music
tech trance,subgenre of trance music,1993,trance
technical death metal,sub-genre of death metal,1988,death metal
technical metal,music genre,,metal music
technical thrash metal,music genre,,thrash metal
techno,genre of electronic dance music,1984,electronic dance music
techno bass,music genre,1989,electro
techno body music,music genre,,techno
techno kayō,Japanese music genre,1979,kayōkyoku
techno-pop,early form of synthpop with a more minimal and mechanical sound,1977,synth-pop
techno-tribal,music genre,,techno
technobanda,musical sub genre originating from Mexico,,banda music
technoid,subgenre of drum and bass,,drum and bass
techstep,music genre,1995,drum and bass
tecno brega,genre of music from northern Brazil,2000,electronic music
tecnocumbia,music genre,,Mexican cumbia
tecnofunk,music genre,,tecno brega
tecnomerengue,music genre,,merengue
tecnorumba,Spanish musical genre,1989,dance-pop
teen pop,subgenre of pop music,,pop music
teenage tragedy song,music genre; song type,,ballad
tejano music,"hybrid of the conjunto and norteño music developed in the U.S./Mexico border, rooted in Mexican folk but can also take influences from other genres like country, blues, funk or rock",1945,regional Mexican
television news music,used by television stations to brand their news operations,,theme music
television score,"original music written specifically to accompany a television program, part of the television's soundtrack",,television soundtrack
television soundtrack,recorded music that accompanies a television program,,soundtrack
tembang,music genre,,song
tembang bocah,music genre,,tembang
tembang cianjuran,music genre,,tembang sunda
tembang dolanan,music genre,,tembang
tembang gedhe,music genre,,tembang
tembang kabangsan,music genre,,tembang
tembang macapat,Javanese verse accompanied by traditional music,,tembang
tembang sunda,Indonesian musical style,1850,Sundanese music
tembang tengahan,music genre,,tembang
temperance song,music genre,,song
terror plugg,music genre,,plugg music
terrorcore,music genre,1995,hardcore
tesnif,music genre,,
thall,music genre,,metalcore
theatre music,"music for staged works, whether composed as an integral part of the work (e.g., operas) or to otherwise accompany or enhance it (e.g., incidental music)",,score
theme and variation,musical form,,classical music
theme music,musical composition written specifically for some other work,,soundtrack
therapy music,music made for therapeutic reasons,,functional music
third stream,musical genre,1957,jazz
third wave ska,music genre,,ska
thrash metal,subgenre of heavy metal,1980,extreme metal
thrashcore,Fast-tempo subgenre of hardcore punk,1980,hardcore punk
thrashgrind,fusion genre between thrash metal and grindcore,,grindcore
threnody,"song, hymn or poem of mourning",,song
throat singing,vocal practices found in different cultures of the world and that may involve a wide range of techniques for producing voice and song,,singing
thug rap,music genre,,hip-hop
tiento,musical genre,,composed musical work
tifa totobuang,combination of tifa (drum) and totobuang (bonang gong chime) from the Maluku Islands; type of musical ensemble,,gamelan
timba,music genre,1988,salsa
tinku,music genre and type of dance,,Bolivian dance
tirana,"song and dance of Spanish origin, which arrived in Brazil through Portugal",,fandango
tivaner inngernerlu,music genre,,Inuit music
tizita,music genre,,Ethiopic music
toada de boi,music genre,,Brazilian folk music
toccata,musical form,,classical music
toi music,Central Asian music,,music of Central Asia
tombeau,type of musical composition commemorating the death of a notable individual,,composed musical work
tonada,music genre,1860,traditional folk music
tonada chilena,music genre,,Hispanic American folk music
tonada potosina,music genre,,Andean music
tonadilla,Spanish popular music genre,1757,
tondero,music genre and type of dance,,música criolla
tontipop,music genre,,indie pop
torch song,sentimental song,,love song
torture doom,music genre,,funeral doom metal
totalism,late 20th century genre of art music,,post-minimalism
tough guy hardcore,genre of hardcore punk,,hardcore punk
tourist song,music genre,,poetry song
tower music,musical performance from the top of a tower,,
township bubblegum,music genre,,dance-pop
township music,music genre,,South African jazz
toypop,music genre,,popular music
toytown pop,music genre,,pop music
toytown techno,music genre,1990,electronic dance music
tracker music,music genre,1987,sampler-based music
trad jazz,form of jazz in the United States and Britain that flourished from the 1930s to 1960s,,jazz
tradi-moderne congolais,music genre,,music of Central Africa
tradi-moderne ivoirien,music genre,,music of Ivory Coast
traditional Japanese music,music genre,,music of Japan
traditional Nordic dance music,music genre,,Nordic folk music
traditional bachata,music genre,,bachata
traditional black gospel,music genre,,American folk music
traditional bluegrass,subgenre of bluegrass music,1948,bluegrass music
traditional blues,music genre,,blues
traditional cajun music,earliest and most pure form of cajun music,,Cajun music
traditional country music,subgenre of country,,country music
traditional doom metal,music genre,1981,doom metal
traditional folk instrumental music,music genre,,traditional folk music
traditional folk music,"local or regional traditional music that was originally produced in performance and transmitted in community conditions, as well as music written stylistically and/or ideologically within these traditions",,folk music
traditional folk music of Hälsingland,music genre,,Swedish folk music
traditional gospel music,music genre,,gospel music
traditional heavy metal,genre of metal music,1970,heavy metal music
traditional maloya,music genre,,maloya
traditional music of Dalarna,music genre,,Swedish folk music
traditional music of Mato Grosso do Sul,music genre,,Brazilian folk music
traditional pop,Western popular music that generally predates the advent of rock and roll in the mid-1950s,1920,pop music
traditional québécois music,traditional music that was originally developed in Québec,,traditional folk music
traditional raï,music genre,,raï
traditional séga,music genre,,sega
trailer music,"short piece of epic music, composed for film trailers",,epic music
trall,music genre,,
trallalero,music genre,,folk music
trallpunk,music genre originating in Sweden,1988,punk rock
trance,genre of electronic dance music,1988,electronic dance music
trance 2.0,music genre,,trance
trance metal,music genre,2005,metal music
trancecore,"genre of hardcore techno, derived from trance music",1990,hardcore
tranceira,music genre,2019,trance
trancestep,subgenre of drum and bass,2001,drum and bass
transcore,music genre,,queercore
trap dancehall,music genre,,dancehall
trap metal,"subgenre of metal, fusion of trap and hardcore hip hop",2015,hardcore hip-hop
trap music,subgenre of hip-hop,1990,hip-hop
trap shaabi,music genre,,Arabic music
trap soul,music genre,,contemporary R&B
trapeton,subgenre of reggaeton underground,,reggaeton
trapfunk,music genre,,Brazilian funk
tread rap,music genre,2015,trap music
tribal ambient,music genre,1978,ambient music
tribal guarachero,music genre,2000,electronic dance music
tribal house,subgenre of house music incorporating indigenous percussion,1988,house music
tribal music,"group category of electronic music genres, that share straightforward, monotonous rhythms dominated by toms, bongos, and shakers, and may be devoid of build-ups, fills, hi-hats, claps, or other sounds that offset or distract from the main beat",,electronic music
tribal psytrance,music genre,1997,psychedelic trance
tribe,subgenre of free techno,,hardcore
tribute music,music genre,,homage
triki-pop,Basque music genre,,pop music
trikiti,Basque type of music,,Basque folk music
trip bit,music genre,,trip hop
trip hop,genre of electronic music,1992,downtempo
trip rock,music genre,1990,rock music
triumphal march,music genre,,march
triunfo,folk music style dance from Argentina and southern Bolivia,,Bolivian folk dance
trivial music,pejorative term for music that is considered to be of low value in contrast to art music,,music
troll metal,music genre,,black metal
troparion,short hymn in the Byzantine liturgical tradition,,prayer
tropical fusion,music genre; broad category of Latin music styles based on tropical music,,tropical music
tropical house,music subgenre,2012,house music
tropical music,music from the Spanish-speaking regions of the Caribbean,,music of Latin America
tropical rock,music genre,1973,pop rock
tropicanibalismo,music genre,,music of the Caribbean
tropicália,Brazilian music genre and cultural movement,1967,música popular brasileira
tropinorteña,music genre,,norteño
tropipop,"music genre that developed in Colombia in the late 1990s and early 2000s; blend of traditional music of the Caribbean Region of Colombia with foreign Latin genres (e.g. Salsa, Merengue) and pop and pop rock; portmanteau of “tropical“ and “pop”",1998,Latin pop
trot,Korean music genre,,music of Korea
troubadoric poetry,music genre,,medieval music
trova,musical genre,1900,music of Cuba
trova paisa,music genre,,trova
trova rosarina,Argentine rock movement,,music of Argentina
trova yucateca,music genre,,Mexican folk music
trovo,music genre and poetic form,,
truck-driving country,Subgenre of country and western music,,country music
true black metal,music genre,,black metal
true metal,musical subgenre,1990,heavy metal music
true-speech chant,type of Russian church singing,,chant
trávnica,song type,,work song
trønder rock,"rock music developed in Trøndelag, Norway",,folk rock
trường ca,music genre,,
trống quân,music genre,,Vietnamese folk song
tsamassi,musical style of the Bamileke of Cameroon,,music of Cameroon
tsapiky,musical genre native to Madagascar,,music of Madagascar
tsarynni song,traditional song genre,,Slavic rite song
tsugaru-jamisen,music genre,,Japanese folk music
tubû,style of Arab-Andalusian classical music,,Andalusi classical music
tumba,music genre,,Caribbean folk music
tumba francesa,music genre and type of dance,,music of Cuba
tumbélé,music genre,,French Caribbean music
tuna,musical band of students,,musical group
tunantada,music genre,,music of Peru
tundiqui,music genre and type of dance,,
tundra blues,music genre,,Sami music
turbine,music genre,,techno
turbo-folk,music genre,1975,Balkan pop-folk
turlute,"form of traditional popular song from Quebec, Canada",,traditional folk song
turntablism,art of manipulating sound using turntables,1990,hip-hop
tusch,"short instrumental piece, most often played by a brass band as a greeting at ceremonial ceremonies",,composed musical work
tuồng,type of classical musical theatre and its associated form of Vietnamese classical music,,musical play
twee pop,genre of pop music,1985,indie rock
twelve-bar blues,prominent chord progression in popular music,,blues
twelve-tone technique,musical composition method using all 12 chromatic scale notes equally often & not in a key,1923,modern classical music
twerk,music genre,2012,EDM trap music
twilight psytrance,music genre,1999,full-on
twist,dance inspired by rock and roll music; music genre associated with the dance,1958,rock and roll
two step,musical genre,,composed musical work
twoubadou,popular genre of guitar-based music from Haiti,,music of Haiti
tyrolienne,Tyrolean folk dance/French word,,French folk music
tân cổ giao duyên,music genre,,music of Vietnam
tình khúc 1954-1975,music genre,1954,
tôba hanyé,music genre,,traditional folk music
türkü,"Turkish folk songs, generally anonymous",,traditional folk song
uThayela,Variant of gqom,,gqom
uaajeerneq,music genre,,Inuit music
udigrudi,music genre,,psychedelic folk
ultra,music genre,,music of the Netherlands
ultra metal,subgenre of metal,1981,extreme metal
unakesa,music genre,,northeastern Brazilian music
unblack metal,"genre of heavy metal music that is stylistically close to the sound of black metal, but whose artists are either directly against the Satanism prevalent in black metal, or promote Christianity in their lyrics and imagery",1992,black metal
underground dance music,musical term,,underground music
underground hip-hop,umbrella term for hip-hop music that is outside the general commercial canon,1988,rapping
underground metal,music genre,,underground music
underground music,"practices perceived as outside, or somehow opposed to, mainstream popular music culture",,music
unyago,music genre and type of dance,,dance
uplifting classical,pieces written for classical instruments with a modern rhythm base and synthesizer accompaniment,,modern classical music
uplifting psy,music genre,,psychedelic trance
uplifting trance,subgenre of trance music,1996,trance
upopo,music genre,,Ainu folk music
uptempo hardcore,music genre,2008,hard dance
uptown soul,music genre,,soul
urban blues,music genre,,blues
urban champeta,subgenre of folk music and dance originating in the Atlantic coastal regions of Colombia,,Colombian folk music
urban classical music,music genre,,
urban contemporary,"a radio format originating in 1970s New York, featuring Black music genres including R&B, hip hop, and pop rap. Coined by DJ Frankie Crocker as a synonym for African-American popular music",1975,popular music
urban contemporary gospel,gospel music genre,,gospel music
urban cowboy,subgenre of country pop,,country pop
urban grooves,music genre,,South African pop
urban merengue,"Music genre derived from merengue that blends Latin urban music, Latin pop and tropical rhythms.",,merengue
urban percussion,music genre,,
urbano music,rhythmic music originating from Latin America,,Latin music
urumi melam,music genre,,Tamil folk music
utaimono,music genre,,traditional Japanese music
utazawa,music genre,,early modern Japanese music
utopian virtual,music genre,2011,vaporwave
utsu rock,music genre,,rock music
uzun hava,music genre,,Turkish folk music
uzun-kui,music genre,,Tatar folk music
vaigat music,music genre,,music of Greenland
vallenato-salsa,music genre,,
valona,music genre,,
valsa brasileira,music genre,,Brazilian classical music
vandreslått,"type of ""slått"", Norwegian music genre",,slått
vanera,music genre and type of dance,,dance
vanguarda paulista,music genre,,music of Brazil
vapornoise,music genre,,vaporwave
vaportrap,music genre,2011,vaporwave
vaporwave,online musical genre and visual aesthetic,2009,popular music
variety,radio format; scope of genres of vocal or dance music dedicated to entertainment,,pop music
vaudeville,"music genre, assotiated with form of theatrical entertainment of the same name",1880,musical theater
vegatone,music genre,,boomba music
verbunkos,Hungarian music genre and dance,,Hungarian folk music
vernacular music,"music term used to describe ordinary, everyday music such as popular and folk music",,music
verset,"small play for organ, usually with a polyphonic structure",,
versus,"chant typical of Christian liturgies that was sung inseparably united to a hymn. It has a pneumatic or semi-hymn-like character, analogous to the antiphons",,chant
vesnianky,traditional springtime song genre,,Slavic rite song
vidala,music genre,,
video game music,soundtrack or background music accompanying video games,,score
vigilante rap,music genre,,hip-hop
viking metal,subgenre of heavy metal,1980,black metal
viking rock,subgenre of rock music,,oi!
vilancete,"dance, song and literary genre popular in Portugal in the 15th and 17th centuries",,
villancico,common poetic and musical form of the Iberian Peninsula and Latin America popular from the late 15th to 18th centuries,,poem
villanella,light Italian secular vocal music,,composed musical work
villotta,north Italian dancing song from 16. century,,part song
vinahouse,musical genre of electronic dance music developed in Vietnam with the influence of house and eurodance music,1990,house music
vira,traditional Portuguese dance and music genre,,Portuguese folk music
visa,Nordic song genre,,song
vispop,Scandinavian folk-music genre,,pop music
vissungo,call-and-response type song sung by enslaved Africans in Brazil,,Afro-Brazilian music
visual kei,"movement among Japanese musicians defined by a strong focus on visual expression through outrageous costumes, makeup, and hairstyles",1984,popular music
vitalism,music genre,,
vixa,music genre or scene,,house music
vocadance,music genre; vocal dance music,,dance music
vocal be-bop,jazz genre,,bebop
vocal harmony,style of vocal music,,vocal music
vocal house,electronic dance music genre,,house music
vocal jazz,"instrumental approach to the voice, where the singer can match the instruments in their stylistic approach to the lyrics, improvised or otherwise, or through scat singing",1930,jazz
vocal music,genre of music performed by one or more singers,,oral communication
vocal pop,music genre,,pop music
vocal romance,"musical composition for voice, with sentimental themes",,romance
vocal surf,music genre,,surf music
vocal trance,subgenre of trance music,1992,trance
vocal-instrumental music,music genre,,
vocalese,music genre; style of jazz singing,,vocal jazz
vocalise,"piece of music, usually for a solo voice (mostly soprano), performed without words only in vowels, with instrumental accompaniment, as well as musical compositions for this kind of works",,song
voceru,traditional Corsican song improvised on the occasion of a death,,song
volochebni song,Slavic Easter ritual folk song,,Easter song
voluntary,"piece of music, usually for an organ",,composed musical work
votive mass,mass offered for a special intention,,Catholic Mass
voëlvry movement,music genre,,music of South Africa
vude,music genre,,music of Fiji
vuelie,Southern Saami music tradition,,
wa euro,music genre,,J-pop
wabap biguine,jazz genre,1960,bebop
wahoo rock,music genre,,Japanese rock
waka music,"Islamic-oriented Yoruba music genre from southwestern Nigeria blending Hausa-Islamic devotional singing with Yoruba language and percussion; traditionally led by female vocalists; performed at weddings, naming ceremonies, and Islamic occasions",1980,Yoruba music
waltz,"music genre and type of musical composition, performed in triple meter, often written in ¾ time",,classical dance music
wangga,Aboriginal Australian genre of music and ceremony,,indigenous Australian music
war metal,music genre,1989,black metal
war symphony,music genre,,symphony
waulking song,music genre,,work song
wave,electronic music genre,2012,electronic music
wedding march,music genre,,march
wedding music,musical compositions intended for performance at marriage ceremonies,,event music
weightless,music genre,2011,grime
western music,form of American folk music,,country music
white gospel music,music genre,,gospel music
white power music,music promoting white supremacy,,neo-nazi music
white voice,music genre; singing style,,traditional folk music
winter synth,music genre,1998,dungeon synth
wirangrong,music genre,,tembang tengahan
witch house,"occult-themed dark electronic music genre; emerged in the late 2000s and early 2010s; uses synthesizers, drum machines, obscure samples, droning repetition and heavily altered, ethereal, indiscernible vocals",2007,electronic music
wititi,music genre and type of dance,,
wizard rock,music genre,2002,geek rock
women's music,"genre of music by women, for women, and about women",,music
wong shadow,music genre,1963,music of Thailand
wonky,genre of electronic dance music known primarily for its off-kilter or “unstable” beats,2006,electronic dance music
wonky pop,music style,2005,pop music
wonky techno,subgenre of techno,1994,techno
work song,piece of music closely connected to a form of work,,traditional folk song
world fusion,world music genre,,jazz
world music,"umbrella term for traditional, indigenous, popular or art music, not following North American or British popular and folk traditions",,popular music
worldbeat,music genre that blends pop music or rock music with world music or traditional music,1985,world music
wyrd folk,music genre,,psychedelic folk
xaxado,Brazilian popular dance and music genre originated in the Sertão de Pernambuco,,Brazilian folk music
xian psych,music genre,,psychedelic rock
xinyao,genre of songs,,music of China
xoan,music genre,,vocal music
xoan singing,music genre,,Vietnamese folk music
xote,Brazilian music genre and dance,,music of Brazil
xtra raw,music genre,,rawstyle
xuc,genre of Salvadoran folk music,,music of El Salvador
xẩm,type of Vietnamese folk music,,Vietnamese folk music
yacht rock,music genre,1971,soft rock
yakousei,music genre,,Japanese rock
yankee rocknroll,music genre,,Japanese rock
yanyue,Chinese court music for banquets,,East Asian court ceremonial music
yaraví,music genre that fuses formal elements of Incan harawi with Spanish medieval lyric poetry,,Hispanic American folk music
yaraví arequipeño,music genre,,Andean music
yass,Polish music style,1992,jazz
yatchkeh,"song, that is sung in the nort-western parts of Croatia",,traditional folk song
yayue,began as ritualistic music and dance for worship ceremonies in Ancient China,,dance
yellow music,genre of music in China and Vietnam,,music of Vietnam
yodel,vocal music performed by yodelers,,traditional folk music
yoga music,music genre,,meditation music
yoikrock,music genre,,rock music
yotsuchi dance rock,music genre,,Japanese rock
youssoumba,music genre,,
youth crew,music subculture of hardcore punk,1983,straight edge
youth music,music genre,,popular music
yoyga,"genre of Karelian folk art, solo musical and poetic improvisation",,Karelian folk music
yukar,genre of Ainu oral literature,,epic poem
yunta,music genre,,work song
yé-yé,genre of pop music from the 1960s,1959,pop music
yōkyokumono,music genre,,traditional Japanese music
zajal,form of oral strophic poetry,,Arabic music
zamacueca,music genre and type of dance,,Hispanic American folk music
zamba,traditional dance of Argentina. It is a style of Argentine music and Argentine folk dance,,Hispanic American folk music
zef rap,music genre,,African hip-hop
zemirot,Jewish hymns,,piyyut
zenonesque,music genre,1999,progressive psytrance
zerbi mugham,music genre,,mugham
zess,music genre,,dancehall
zeybek,music genre,,Turkish folk music
zheldirme,music genre,,Kazakh folk music
zhongguo feng,music genre,,C-pop
zhungdra,music genre,,Bhutanese folk music
ziglibithy,music genre,,Kru music
zinli,music genre and type of dance,,dance
zoblazo,"musical style from Abidjan, Côte d'Ivoire, created in the early 1990s",1992,Akan music
zohioliin duu,music genre,,music of Mongolia
zolo,music genre,,rock music
zoomergaze,music genre,,shoegaze
zortziko,bertso made up of eight lines and four puntus,,meter
zouglou,music genre,,music of West Africa
zouk,music genre,1986,French Caribbean music
zouk love,music genre,,zouk
zouk-love,subclass of zouk music,,zouk
zydeco,"music genre evolved in southwest Louisiana which blends blues, rhythm and blues, and music indigenous to the Louisiana Creoles and the Native people of Louisiana",1936,music of Louisiana
zäuerli,Swiss folk music,,Swiss folk music
Östergötland folk,music genre,,music of Sweden
écossaise,dance and musical form,,contra dance
éntekhno,music style; orchestral music with elements from Greek folk rhythm and melody,1960,music of Greece
étude,"instrumental musical composition, usually short, designed to provide practice material for perfecting a particular musical skill",,classical music
özgün müzik,Turkish musical movement from 1980s; protest music,,pop music
Čoček,Balkan musical genre and dance,,folk dance
čalgija,music genre,,starogradska muzika
Đờn ca tài tử,music genre,,music of Vietnam
İlahi,music genre,,Sufi music
Ōshima bushi,music genre,,min'yō
Şərqi,genre of verse,,poetry
şarkı,form in Turkish classical music/literature,,Ottoman classical music
Żurawiejka,music genre,,couplet
Țara Călatei folk music and dance,music genre and type of dance,,folk dance
ʻōteʻa,traditional dance and music from Tahiti,,music of Tahiti
